shipment_id,ship_date,lane,mode,distance_miles,weight_lb,stops,revenue_usd,fuel_cost_usd,driver_cost_usd,maintenance_cost_usd,tolls_usd,accessorial_cost_usd,on_time,service_exception
S00001,2026-01-07,Detroit-Chicago,Dry van,301,38215,1,707.39,198.24,217.82,39.46,14.51,62.69,1,1
S00002,2026-02-14,Detroit-Cleveland,Dry van,159,34417,1,338.81,109.14,163.53,30.18,5.0,0,1,0
S00003,2026-03-21,Detroit-Atlanta,Dry van,813,27346,1,1730.0,516.89,437.38,142.91,17.45,0,1,0
S00004,2026-04-28,Detroit-Toronto,Dry van,245,7656,1,587.58,158.02,219.99,33.18,8.26,0,1,0
S00005,2026-05-07,Detroit-Nashville,Dry van,544,29941,3,1185.59,339.16,369.35,91.27,18.2,28,1,0
S00006,2026-06-14,Detroit-Indianapolis,Dry van,281,4694,1,513.94,177.17,195.27,45.68,15.18,53.04,1,0
S00007,2026-07-21,Detroit-Chicago,Dry van,277,13477,1,603.14,183.77,221.8,49.31,11.57,0,1,0
S00008,2026-08-28,Detroit-Cleveland,Dry van,150,18415,1,340.21,110.93,154.8,19.75,9.14,0,1,0
S00009,2026-09-07,Detroit-Atlanta,Dry van,695,15006,1,1257.28,447.86,382.5,92.06,28.59,0,1,0
S00010,2026-10-14,Detroit-Toronto,Dry van,206,35703,1,510.73,149.24,190.64,39.96,9.71,0,1,0
S00011,2026-11-21,Detroit-Nashville,Refrigerated,523,10665,1,1092.22,321.86,333.06,88.97,18.04,0,1,0
S00012,2026-12-28,Detroit-Indianapolis,Dry van,292,19569,2,650.08,170.39,215.36,47.55,10.23,64.51,1,0
S00013,2026-01-07,Detroit-Chicago,Refrigerated,211,13188,1,498.95,135.28,177.12,27.99,10.49,0,1,0
S00014,2026-02-14,Detroit-Cleveland,Dry van,152,6618,2,336.07,101.04,153.53,23.22,9.98,14,1,0
S00015,2026-03-21,Detroit-Atlanta,Refrigerated,798,7690,1,1738.05,546.47,475.22,108.3,28.65,0,1,0
S00016,2026-04-28,Detroit-Toronto,Refrigerated,216,37691,1,616.39,158.15,207.97,29.94,12.72,0,1,0
S00017,2026-05-07,Detroit-Nashville,Dry van,557,7970,1,990.51,349.4,355.41,69.44,24.54,0,1,0
S00018,2026-06-14,Detroit-Indianapolis,Dry van,316,16104,2,636.48,191.07,228.87,41.16,6.9,14,1,0
S00019,2026-07-21,Detroit-Chicago,Dry van,320,16458,1,721.86,204.51,223.02,56.08,15.07,0,1,0
S00020,2026-08-28,Detroit-Cleveland,Refrigerated,149,19754,1,397.66,102.43,151.61,24.09,6.03,0,1,0
S00021,2026-09-07,Detroit-Atlanta,Dry van,682,33158,1,1426.95,393.75,418.77,104.57,10.13,0,1,0
S00022,2026-10-14,Detroit-Toronto,Dry van,202,11939,2,509.2,154.88,202.6,32.03,5.96,14,1,0
S00023,2026-11-21,Detroit-Nashville,Dry van,529,35218,1,1059.39,319.26,357.81,91.55,14.57,74.82,1,1
S00024,2026-12-28,Detroit-Indianapolis,Refrigerated,292,32699,2,727.42,183.73,203.31,35.11,5.2,14,0,0
S00025,2026-01-07,Detroit-Chicago,Dry van,259,33640,1,590.69,159.06,209.17,43.63,9.96,0,1,0
S00026,2026-02-14,Detroit-Cleveland,Refrigerated,185,27107,1,500.78,134.4,181.73,25.11,12.8,0,1,0
S00027,2026-03-21,Detroit-Atlanta,Dry van,666,5967,1,1272.35,397.49,382.96,108.84,32.17,0,1,0
S00028,2026-04-28,Detroit-Toronto,Dry van,240,27431,1,608.17,169.16,200.83,37.66,10.63,0,1,0
S00029,2026-05-07,Detroit-Nashville,Dry van,492,35507,1,990.13,290.07,351.49,89.57,21.4,0,1,0
S00030,2026-06-14,Detroit-Indianapolis,Refrigerated,235,25183,2,628.72,130.85,173.07,31.46,6.08,14,1,0
S00031,2026-07-21,Detroit-Chicago,Refrigerated,256,11320,2,618.83,161.76,196.82,39.9,5.84,110.97,1,0
S00032,2026-08-28,Detroit-Cleveland,Dry van,174,5803,1,341.35,108.3,175.7,27.7,4.47,0,1,0
S00033,2026-09-07,Detroit-Atlanta,Refrigerated,690,34012,1,1645.68,408.93,431.62,84.95,36.38,0,1,0
S00034,2026-10-14,Detroit-Toronto,Dry van,228,36424,2,568.09,155.19,197.33,34.82,15.8,14,1,0
S00035,2026-11-21,Detroit-Nashville,Refrigerated,478,3894,1,975.91,334.62,299.14,69.73,17.78,0,1,0
S00036,2026-12-28,Detroit-Indianapolis,Dry van,279,34093,1,586.47,171.25,218.27,32.5,13.72,0,1,0
S00037,2026-01-07,Detroit-Chicago,Refrigerated,279,34863,1,734.21,190.78,207.51,39.19,16.77,0,1,0
S00038,2026-02-14,Detroit-Cleveland,Dry van,157,15128,1,358.93,112.42,156.7,22.01,6.25,80.02,0,0
S00039,2026-03-21,Detroit-Atlanta,Dry van,596,5571,1,1147.66,392.48,381.38,102.91,36.59,0,1,0
S00040,2026-04-28,Detroit-Toronto,Refrigerated,202,18149,1,567.96,146.91,183.17,29.34,7.23,0,0,0
S00041,2026-05-07,Detroit-Nashville,Dry van,582,27390,2,1281.03,397.08,380.42,106.97,17.68,14,1,0
S00042,2026-06-14,Detroit-Indianapolis,Refrigerated,325,2104,1,631.53,217.96,226.18,38.27,11.36,0,1,0
S00043,2026-07-21,Detroit-Chicago,Dry van,357,3578,1,651.23,222.41,255.86,55.56,19.46,0,1,0
S00044,2026-08-28,Detroit-Cleveland,Refrigerated,154,20591,1,401.57,116.14,158.64,21.34,7.06,0,1,0
S00045,2026-09-07,Detroit-Atlanta,Dry van,658,37415,1,1361.55,417.39,365.28,81.25,13.08,0,1,0
S00046,2026-10-14,Detroit-Toronto,Dry van,210,36021,2,573.7,147.41,189.22,40.62,12.03,14,1,0
S00047,2026-11-21,Detroit-Nashville,Dry van,497,36850,2,1100.37,323.62,311.14,68.54,27.96,14,1,0
S00048,2026-12-28,Detroit-Indianapolis,Dry van,319,33567,1,636.23,209.06,239.4,38.73,12.32,0,1,0
S00049,2026-01-07,Detroit-Chicago,Dry van,282,12712,2,659.33,183.54,223.74,49.57,4.93,87.93,1,0
S00050,2026-02-14,Detroit-Cleveland,Dry van,165,35904,1,357.95,123.55,162.14,26.07,5.0,0,1,0
S00051,2026-03-21,Detroit-Atlanta,Refrigerated,745,23362,1,1834.58,419.08,419.86,110.95,18.5,0,1,0
S00052,2026-04-28,Detroit-Toronto,Dry van,260,21836,1,621.96,177.78,217.41,35.06,18.04,0,1,0
S00053,2026-05-07,Detroit-Nashville,Dry van,532,32046,1,1092.31,316.77,353.93,92.32,9.0,0,1,0
S00054,2026-06-14,Detroit-Indianapolis,Refrigerated,285,5191,1,611.56,188.66,198.2,43.23,7.96,0,1,0
S00055,2026-07-21,Detroit-Chicago,Dry van,267,5648,1,564.89,167.74,209.98,45.35,10.79,0,1,0
S00056,2026-08-28,Detroit-Cleveland,Dry van,167,21981,1,364.51,108.35,164.25,30.61,7.15,0,1,0
S00057,2026-09-07,Detroit-Atlanta,Dry van,679,5896,1,1151.23,412.33,386.5,112.56,17.3,0,1,0
S00058,2026-10-14,Detroit-Toronto,Refrigerated,240,30713,1,737.44,164.06,202.13,38.47,15.97,0,1,0
S00059,2026-11-21,Detroit-Nashville,Dry van,555,34662,1,1121.16,377.18,359.08,70.03,22.21,0,1,0
S00060,2026-12-28,Detroit-Indianapolis,Dry van,279,15597,1,562.52,164.15,203.63,33.16,16.17,0,1,0
S00061,2026-01-07,Detroit-Chicago,Dry van,245,26249,2,605.91,152.66,192.56,38.83,14.44,14,1,0
S00062,2026-02-14,Detroit-Cleveland,Dry van,181,16571,1,428.51,124.99,170.28,24.84,7.64,0,1,0
S00063,2026-03-21,Detroit-Atlanta,Dry van,689,8630,1,1228.46,467.73,422.3,111.16,39.15,0,1,0
S00064,2026-04-28,Detroit-Toronto,Dry van,173,3672,1,346.59,130.97,184.01,25.33,8.71,0,1,0
S00065,2026-05-07,Detroit-Nashville,Dry van,569,36940,1,1111.39,344.24,348.4,96.32,19.01,0,1,0
S00066,2026-06-14,Detroit-Indianapolis,Refrigerated,279,24903,2,732.63,167.08,215.58,36.65,8.87,14,1,0
S00067,2026-07-21,Detroit-Chicago,Dry van,263,19938,1,578.75,162.79,201.25,34.06,13.03,81.36,1,0
S00068,2026-08-28,Detroit-Cleveland,Dry van,159,31557,2,382.69,99.42,163.68,27.47,7.34,92.18,1,0
S00069,2026-09-07,Detroit-Atlanta,Dry van,840,31056,1,1712.76,548.09,503.54,116.52,46.92,0,1,0
S00070,2026-10-14,Detroit-Toronto,Dry van,303,13470,2,749.19,225.0,259.6,48.83,8.61,14,1,0
S00071,2026-11-21,Detroit-Nashville,Dry van,509,37184,1,1003.25,315.24,332.03,63.53,19.8,87.64,0,1
S00072,2026-12-28,Detroit-Indianapolis,Dry van,257,11666,1,526.47,165.6,186.26,41.66,13.37,0,1,0
S00073,2026-01-07,Detroit-Chicago,Dry van,259,17182,2,560.87,168.31,192.51,42.4,12.05,14,1,0
S00074,2026-02-14,Detroit-Cleveland,Dry van,170,10787,1,378.93,109.5,162.87,23.73,8.58,0,1,0
S00075,2026-03-21,Detroit-Atlanta,Dry van,687,34598,2,1426.66,465.74,397.15,115.74,41.77,14,1,0
S00076,2026-04-28,Detroit-Toronto,Dry van,202,27992,1,455.8,138.52,195.19,37.69,3.57,100.61,1,0
S00077,2026-05-07,Detroit-Nashville,Dry van,554,15533,1,1094.72,360.35,374.39,69.18,12.44,0,1,0
S00078,2026-06-14,Detroit-Indianapolis,Dry van,286,33762,1,608.59,162.89,214.7,47.5,12.5,0,1,0
S00079,2026-07-21,Detroit-Chicago,Dry van,313,13782,1,662.22,181.65,228.3,43.51,6.34,0,1,0
S00080,2026-08-28,Detroit-Cleveland,Dry van,171,2241,2,381.02,112.0,166.25,32.7,9.67,14,1,0
S00081,2026-09-07,Detroit-Atlanta,Refrigerated,666,22662,1,1436.08,392.29,406.18,111.89,41.21,0,1,0
S00082,2026-10-14,Detroit-Toronto,Dry van,260,18036,1,586.44,197.69,223.4,40.62,15.4,0,1,0
S00083,2026-11-21,Detroit-Nashville,Dry van,535,24986,3,1081.56,357.44,335.43,88.02,22.5,28,1,0
S00084,2026-12-28,Detroit-Indianapolis,Dry van,297,33318,2,714.42,183.78,209.74,45.27,4.82,14,1,0
S00085,2026-01-07,Detroit-Chicago,Dry van,328,19813,1,697.07,206.37,234.33,39.37,6.66,0,1,0
S00086,2026-02-14,Detroit-Cleveland,Dry van,185,19936,1,390.19,117.05,168.65,24.17,10.58,95.49,1,0
S00087,2026-03-21,Detroit-Atlanta,Refrigerated,660,13309,2,1414.4,413.41,377.33,99.53,38.94,14,1,0
S00088,2026-04-28,Detroit-Toronto,Dry van,249,6820,1,515.75,181.28,210.71,35.75,16.64,58.07,1,1
S00089,2026-05-07,Detroit-Nashville,Refrigerated,470,36691,1,1109.85,277.15,341.17,67.93,18.53,79.8,1,1
S00090,2026-06-14,Detroit-Indianapolis,Dry van,310,10243,1,570.44,208.4,228.13,44.28,11.07,0,1,0
S00091,2026-07-21,Detroit-Chicago,Dry van,270,21857,1,558.86,170.72,204.5,47.13,6.74,0,1,0
S00092,2026-08-28,Detroit-Cleveland,Refrigerated,180,18422,1,480.4,126.39,178.92,28.02,11.11,0,1,0
S00093,2026-09-07,Detroit-Atlanta,Dry van,730,22011,2,1482.34,429.16,415.9,121.02,14.3,63.91,1,1
S00094,2026-10-14,Detroit-Toronto,Refrigerated,221,25229,2,625.43,157.53,213.6,37.81,7.39,14,1,0
S00095,2026-11-21,Detroit-Nashville,Dry van,552,2549,3,1073.53,368.98,386.95,97.76,19.29,28,1,0
S00096,2026-12-28,Detroit-Indianapolis,Dry van,256,10152,1,534.33,158.25,206.45,32.54,10.6,0,1,0
S00097,2026-01-07,Detroit-Chicago,Dry van,202,9471,1,414.03,135.04,163.3,28.29,8.25,0,1,0
S00098,2026-02-14,Detroit-Cleveland,Dry van,172,8628,3,418.2,113.66,173.94,22.83,5.16,28,1,0
S00099,2026-03-21,Detroit-Atlanta,Refrigerated,811,34041,1,1888.7,538.97,448.29,120.86,31.24,0,1,0
S00100,2026-04-28,Detroit-Toronto,Refrigerated,215,10913,1,576.35,166.52,194.09,38.91,6.34,0,1,0
S00101,2026-05-07,Detroit-Nashville,Dry van,452,14413,1,833.15,300.93,315.66,82.96,14.04,54.53,1,0
S00102,2026-06-14,Detroit-Indianapolis,Dry van,243,16091,1,480.11,135.32,186.67,38.46,5.87,52.38,1,0
S00103,2026-07-21,Detroit-Chicago,Dry van,246,4424,1,483.3,151.7,207.35,42.17,14.68,0,1,0
S00104,2026-08-28,Detroit-Cleveland,Dry van,176,20708,1,387.36,112.23,179.91,23.81,9.89,0,1,0
S00105,2026-09-07,Detroit-Atlanta,Dry van,692,12034,1,1266.95,472.79,406.57,106.25,28.22,0,0,0
S00106,2026-10-14,Detroit-Toronto,Dry van,251,31096,1,635.13,167.5,230.04,48.52,10.56,0,1,0
S00107,2026-11-21,Detroit-Nashville,Dry van,526,27722,1,1146.32,346.92,341.7,68.49,17.72,0,1,0
S00108,2026-12-28,Detroit-Indianapolis,Dry van,259,6513,1,528.87,148.24,207.2,38.67,12.67,0,1,0
S00109,2026-01-07,Detroit-Chicago,Dry van,245,16526,1,512.29,147.8,198.1,31.56,13.09,93.49,1,0
S00110,2026-02-14,Detroit-Cleveland,Refrigerated,177,16558,2,527.4,128.71,179.67,31.79,8.02,14,1,0
S00111,2026-03-21,Detroit-Atlanta,Dry van,694,6668,1,1346.96,444.1,393.62,85.2,25.97,0,1,0
S00112,2026-04-28,Detroit-Toronto,Dry van,239,8321,1,503.36,172.95,201.37,32.92,7.12,0,1,0
S00113,2026-05-07,Detroit-Nashville,Dry van,512,30868,2,1119.86,343.42,340.63,69.81,9.84,73.18,1,0
S00114,2026-06-14,Detroit-Indianapolis,Dry van,278,14532,1,573.04,181.57,196.15,37.15,5.76,0,1,0
S00115,2026-07-21,Detroit-Chicago,Dry van,284,14060,1,547.74,184.38,212.35,44.54,18.09,53.65,1,0
S00116,2026-08-28,Detroit-Cleveland,Dry van,192,13636,1,421.82,131.23,181.19,33.54,6.16,69.91,1,0
S00117,2026-09-07,Detroit-Atlanta,Dry van,725,31828,2,1550.41,447.68,465.57,120.19,20.77,14,1,0
S00118,2026-10-14,Detroit-Toronto,Dry van,284,16120,1,665.15,190.09,251.84,45.46,16.94,0,1,0
S00119,2026-11-21,Detroit-Nashville,Refrigerated,517,26045,1,1259.55,315.7,349.72,71.75,15.82,84.91,1,0
S00120,2026-12-28,Detroit-Indianapolis,Dry van,303,25842,2,634.57,195.16,214.4,50.26,9.73,14,1,0
S00121,2026-01-07,Detroit-Chicago,Dry van,293,18415,2,689.76,197.22,223.69,44.87,18.16,14,1,0
S00122,2026-02-14,Detroit-Cleveland,Dry van,149,36149,1,325.97,112.56,165.31,28.11,9.99,57.33,1,0
S00123,2026-03-21,Detroit-Atlanta,Dry van,807,31436,1,1543.52,492.49,439.7,127.04,14.38,0,1,0
S00124,2026-04-28,Detroit-Toronto,Dry van,264,31455,1,644.83,167.66,216.53,51.67,13.19,0,1,0
S00125,2026-05-07,Detroit-Nashville,Dry van,557,3811,1,981.14,338.41,345.09,83.73,17.14,0,1,0
S00126,2026-06-14,Detroit-Indianapolis,Dry van,310,20260,1,619.21,171.95,221.42,40.23,18.14,0,1,0
S00127,2026-07-21,Detroit-Chicago,Dry van,303,7085,1,564.8,200.27,209.51,46.0,6.47,0,1,0
S00128,2026-08-28,Detroit-Cleveland,Refrigerated,172,33308,1,434.49,119.9,165.09,23.28,9.31,0,1,0
S00129,2026-09-07,Detroit-Atlanta,Dry van,911,13364,2,1838.77,603.67,552.67,116.36,17.01,14,1,0
S00130,2026-10-14,Detroit-Toronto,Dry van,218,31336,1,510.03,138.7,207.04,39.28,9.69,0,1,0
S00131,2026-11-21,Detroit-Nashville,Dry van,563,11701,2,1076.7,371.69,362.13,97.88,25.1,14,1,0
S00132,2026-12-28,Detroit-Indianapolis,Dry van,257,19909,3,571.04,168.89,203.41,41.39,14.65,28,1,0
S00133,2026-01-07,Detroit-Chicago,Dry van,285,9554,1,536.19,168.39,207.53,34.27,16.81,0,1,0
S00134,2026-02-14,Detroit-Cleveland,Dry van,156,24468,1,326.74,106.93,153.56,22.06,4.89,0,1,0
S00135,2026-03-21,Detroit-Atlanta,Dry van,714,4649,2,1227.63,406.45,424.43,106.9,40.82,14,0,0
S00136,2026-04-28,Detroit-Toronto,Dry van,245,34637,1,637.64,169.45,211.71,40.45,7.21,0,1,0
S00137,2026-05-07,Detroit-Nashville,Dry van,562,6742,2,1161.79,376.79,347.36,76.21,28.76,14,1,0
S00138,2026-06-14,Detroit-Indianapolis,Dry van,301,35911,1,602.65,169.9,220.76,51.32,6.33,0,1,0
S00139,2026-07-21,Detroit-Chicago,Dry van,284,18232,1,632.08,164.45,210.86,37.05,15.35,0,1,0
S00140,2026-08-28,Detroit-Cleveland,Dry van,160,9263,1,370.27,102.9,166.07,26.26,2.99,0,1,0
S00141,2026-09-07,Detroit-Atlanta,Dry van,734,18638,1,1294.72,471.23,465.91,119.8,44.97,0,1,0
S00142,2026-10-14,Detroit-Toronto,Refrigerated,220,20278,1,569.86,149.32,210.82,36.54,9.55,0,1,0
S00143,2026-11-21,Detroit-Nashville,Dry van,524,32068,2,1084.28,315.42,362.71,75.1,16.45,14,0,0
S00144,2026-12-28,Detroit-Indianapolis,Dry van,332,5009,1,649.93,190.58,227.58,41.87,14.41,0,1,0
S00145,2026-01-07,Detroit-Chicago,Dry van,311,12194,2,640.09,186.73,237.39,41.95,18.23,86.74,1,1
S00146,2026-02-14,Detroit-Cleveland,Dry van,185,28299,1,420.38,117.92,176.74,31.59,4.82,0,1,0
S00147,2026-03-21,Detroit-Atlanta,Dry van,882,25264,1,1863.66,503.37,493.47,112.67,16.46,0,1,0
S00148,2026-04-28,Detroit-Toronto,Dry van,185,19980,3,525.01,119.65,177.81,33.73,12.95,28,1,0
S00149,2026-05-07,Detroit-Nashville,Dry van,520,20214,1,1038.84,341.57,368.93,67.45,22.69,0,1,0
S00150,2026-06-14,Detroit-Indianapolis,Dry van,272,24435,1,526.21,182.45,199.1,32.69,13.25,55.61,1,0
S00151,2026-07-21,Detroit-Chicago,Dry van,256,25979,1,578.65,147.26,191.88,30.78,16.45,0,1,0
S00152,2026-08-28,Detroit-Cleveland,Dry van,148,28441,1,363.6,107.78,150.96,25.45,8.1,0,1,0
S00153,2026-09-07,Detroit-Atlanta,Dry van,799,33490,1,1690.97,521.28,450.08,124.59,12.77,0,1,0
S00154,2026-10-14,Detroit-Toronto,Dry van,252,9510,2,561.89,172.25,206.53,49.95,11.16,78.43,1,0
S00155,2026-11-21,Detroit-Nashville,Dry van,499,21670,2,1021.3,354.87,322.43,81.6,16.39,14,1,0
S00156,2026-12-28,Detroit-Indianapolis,Refrigerated,296,5573,2,709.82,190.44,209.46,40.13,16.71,93.29,1,1
S00157,2026-01-07,Detroit-Chicago,Refrigerated,292,4786,2,714.26,199.35,217.19,47.39,18.37,14,1,0
S00158,2026-02-14,Detroit-Cleveland,Dry van,159,28360,2,431.34,107.4,155.01,30.85,2.62,14,0,0
S00159,2026-03-21,Detroit-Atlanta,Dry van,760,7371,2,1413.9,481.02,458.26,110.03,34.56,14,1,0
S00160,2026-04-28,Detroit-Toronto,Dry van,202,3370,1,410.98,151.97,186.19,38.41,4.97,0,1,0
S00161,2026-05-07,Detroit-Nashville,Dry van,495,27069,1,1007.58,311.87,308.52,69.49,22.44,0,1,0
S00162,2026-06-14,Detroit-Indianapolis,Dry van,261,2058,2,476.27,170.63,184.55,39.11,12.02,14,1,0
S00163,2026-07-21,Detroit-Chicago,Dry van,254,37491,1,565.54,159.06,195.94,38.24,9.94,0,1,0
S00164,2026-08-28,Detroit-Cleveland,Refrigerated,178,18985,2,545.07,114.77,167.02,28.62,3.15,14,0,0
S00165,2026-09-07,Detroit-Atlanta,Dry van,779,33966,1,1610.38,452.82,429.29,102.47,44.68,0,1,0
S00166,2026-10-14,Detroit-Toronto,Dry van,258,16938,3,650.85,190.66,211.98,48.05,13.38,28,1,0
S00167,2026-11-21,Detroit-Nashville,Dry van,514,16640,2,1075.66,325.43,367.3,71.72,12.19,14,1,0
S00168,2026-12-28,Detroit-Indianapolis,Dry van,315,15309,3,686.32,212.79,210.27,51.97,18.76,28,1,0
S00169,2026-01-07,Detroit-Chicago,Dry van,239,31070,1,494.17,148.05,187.67,36.77,9.44,148.41,1,1
S00170,2026-02-14,Detroit-Cleveland,Refrigerated,177,32779,1,453.03,120.94,180.11,28.26,8.35,0,1,0
S00171,2026-03-21,Detroit-Atlanta,Dry van,645,4850,2,1218.83,425.32,411.83,109.97,18.95,87.78,1,1
S00172,2026-04-28,Detroit-Toronto,Dry van,248,36550,1,615.06,188.25,223.58,36.39,6.06,0,1,0
S00173,2026-05-07,Detroit-Nashville,Dry van,533,14948,1,1081.18,382.67,373.95,89.61,11.28,0,1,0
S00174,2026-06-14,Detroit-Indianapolis,Refrigerated,335,26694,1,757.62,215.76,234.68,48.48,16.67,0,1,0
S00175,2026-07-21,Detroit-Chicago,Dry van,274,33069,1,628.5,177.62,211.71,39.56,6.62,0,1,0
S00176,2026-08-28,Detroit-Cleveland,Dry van,151,14205,1,343.56,108.4,151.52,25.49,6.08,0,1,0
S00177,2026-09-07,Detroit-Atlanta,Dry van,660,10258,1,1166.23,403.84,387.22,111.75,35.69,0,1,0
S00178,2026-10-14,Detroit-Toronto,Dry van,207,27690,1,494.06,142.72,189.08,33.41,11.54,0,1,0
S00179,2026-11-21,Detroit-Nashville,Dry van,548,16730,2,1125.98,389.5,386.9,69.47,26.21,14,1,0
S00180,2026-12-28,Detroit-Indianapolis,Refrigerated,256,12539,2,582.96,167.46,202.42,36.6,13.62,63.24,1,0
S00181,2026-01-07,Detroit-Chicago,Dry van,247,2365,3,553.52,150.24,202.45,37.46,14.97,82.35,1,1
S00182,2026-02-14,Detroit-Cleveland,Dry van,168,16089,2,386.88,120.47,165.56,24.14,3.75,75.43,1,0
S00183,2026-03-21,Detroit-Atlanta,Dry van,788,27792,2,1538.42,488.88,460.43,132.75,19.7,103.97,1,0
S00184,2026-04-28,Detroit-Toronto,Dry van,252,17306,1,610.21,193.12,231.0,34.2,6.55,0,0,0
S00185,2026-05-07,Detroit-Nashville,Dry van,444,8314,1,881.52,271.31,298.94,60.52,21.75,0,1,0
S00186,2026-06-14,Detroit-Indianapolis,Dry van,277,10168,1,583.63,166.34,204.81,43.46,5.77,86.36,1,0
S00187,2026-07-21,Detroit-Chicago,Dry van,283,35449,1,604.33,194.36,223.46,45.66,9.83,0,1,0
S00188,2026-08-28,Detroit-Cleveland,Dry van,176,1827,1,338.98,118.34,167.74,29.27,7.6,0,1,0
S00189,2026-09-07,Detroit-Atlanta,Dry van,729,7732,1,1281.01,425.75,461.42,101.18,43.32,0,1,0
S00190,2026-10-14,Detroit-Toronto,Dry van,200,30939,1,476.16,132.19,198.56,31.42,13.66,0,1,0
S00191,2026-11-21,Detroit-Nashville,Refrigerated,387,29227,3,964.48,275.62,262.57,68.53,20.55,28,1,0
S00192,2026-12-28,Detroit-Indianapolis,Refrigerated,287,29438,2,729.62,175.22,208.91,45.86,10.52,14,1,0
S00193,2026-01-07,Detroit-Chicago,Refrigerated,311,15883,1,715.93,199.48,216.51,49.05,7.43,0,1,0
S00194,2026-02-14,Detroit-Cleveland,Dry van,187,12135,1,386.73,127.03,175.85,33.14,10.13,0,1,0
S00195,2026-03-21,Detroit-Atlanta,Dry van,797,7442,1,1387.5,482.26,455.26,93.93,18.82,0,1,0
S00196,2026-04-28,Detroit-Toronto,Dry van,253,37394,1,604.8,193.44,223.82,34.32,5.02,0,1,0
S00197,2026-05-07,Detroit-Nashville,Refrigerated,586,10882,1,1257.79,407.83,377.0,101.71,20.08,0,1,0
S00198,2026-06-14,Detroit-Indianapolis,Dry van,299,13812,1,615.95,187.1,217.32,47.52,10.74,0,1,0
S00199,2026-07-21,Detroit-Chicago,Dry van,342,15966,1,668.02,221.08,239.3,46.89,16.57,0,1,0
S00200,2026-08-28,Detroit-Cleveland,Refrigerated,173,32417,1,492.43,116.13,164.76,26.74,11.82,91.89,1,0
S00201,2026-09-07,Detroit-Atlanta,Dry van,778,11582,1,1500.59,452.75,447.3,98.84,43.72,0,0,0
S00202,2026-10-14,Detroit-Toronto,Dry van,251,21215,1,559.78,171.42,229.53,47.99,17.58,0,1,0
S00203,2026-11-21,Detroit-Nashville,Dry van,563,35645,1,1102.68,342.35,381.29,80.84,35.29,0,1,0
S00204,2026-12-28,Detroit-Indianapolis,Refrigerated,320,16023,2,748.61,216.01,225.77,40.69,11.94,14,1,0
S00205,2026-01-07,Detroit-Chicago,Dry van,309,34089,2,675.69,211.62,216.96,53.59,12.53,14,0,0
S00206,2026-02-14,Detroit-Cleveland,Dry van,166,22550,1,352.01,107.09,160.83,29.42,6.89,0,1,0
S00207,2026-03-21,Detroit-Atlanta,Dry van,759,15128,2,1450.78,455.26,412.95,104.21,42.32,14,1,0
S00208,2026-04-28,Detroit-Toronto,Dry van,249,13294,1,583.38,157.8,222.29,35.91,13.56,0,1,0
S00209,2026-05-07,Detroit-Nashville,Dry van,534,30415,1,1129.99,370.66,333.41,96.53,11.06,0,1,0
S00210,2026-06-14,Detroit-Indianapolis,Dry van,299,33468,1,616.67,186.93,216.19,43.89,16.74,0,1,0
S00211,2026-07-21,Detroit-Chicago,Dry van,309,5563,3,689.22,182.08,242.57,54.08,15.42,28,1,0
S00212,2026-08-28,Detroit-Cleveland,Dry van,178,24707,1,438.94,125.06,165.56,29.01,5.49,0,1,0
S00213,2026-09-07,Detroit-Atlanta,Dry van,710,36402,2,1482.15,397.4,441.56,110.56,15.76,84.23,1,1
S00214,2026-10-14,Detroit-Toronto,Dry van,254,16444,1,555.29,162.82,208.19,49.68,5.02,0,1,0
S00215,2026-11-21,Detroit-Nashville,Refrigerated,472,28994,1,1220.93,282.39,335.3,79.14,30.04,0,1,0
S00216,2026-12-28,Detroit-Indianapolis,Refrigerated,263,31332,3,690.62,171.51,195.04,31.38,11.76,28,1,0
S00217,2026-01-07,Detroit-Chicago,Dry van,272,4444,1,505.42,161.88,207.79,34.04,9.5,0,1,0
S00218,2026-02-14,Detroit-Cleveland,Dry van,198,35136,2,491.67,146.72,190.34,35.14,9.62,14,1,0
S00219,2026-03-21,Detroit-Atlanta,Dry van,769,36286,2,1688.29,483.86,483.7,119.34,44.22,14,1,0
S00220,2026-04-28,Detroit-Toronto,Dry van,229,2754,1,504.93,155.96,198.96,32.45,12.38,0,1,0
S00221,2026-05-07,Detroit-Nashville,Dry van,604,33370,1,1214.42,398.26,401.03,86.58,34.39,45.26,1,1
S00222,2026-06-14,Detroit-Indianapolis,Dry van,258,2910,1,507.94,144.0,189.48,32.12,11.69,0,1,0
S00223,2026-07-21,Detroit-Chicago,Dry van,259,15701,2,537.29,160.16,191.66,40.09,7.21,14,0,0
S00224,2026-08-28,Detroit-Cleveland,Dry van,184,24314,2,487.11,120.6,172.59,28.99,4.96,91.68,1,0
S00225,2026-09-07,Detroit-Atlanta,Dry van,673,5940,2,1163.35,384.24,386.59,112.46,17.11,79.01,1,0
S00226,2026-10-14,Detroit-Toronto,Dry van,265,30011,2,647.54,191.73,233.67,41.83,6.21,14,1,0
S00227,2026-11-21,Detroit-Nashville,Dry van,587,9267,1,1064.59,353.05,373.51,86.38,34.09,0,1,0
S00228,2026-12-28,Detroit-Indianapolis,Refrigerated,293,31224,2,756.73,193.31,212.75,38.34,5.1,14,1,0
S00229,2026-01-07,Detroit-Chicago,Dry van,271,23121,2,563.69,160.28,217.21,44.03,16.71,14,1,0
S00230,2026-02-14,Detroit-Cleveland,Dry van,193,8408,1,381.01,145.56,172.53,28.05,10.76,0,1,0
S00231,2026-03-21,Detroit-Atlanta,Dry van,734,23738,2,1566.43,420.68,434.46,118.57,12.65,14,1,0
S00232,2026-04-28,Detroit-Toronto,Dry van,183,22624,1,416.88,138.14,184.84,28.37,4.78,0,1,0
S00233,2026-05-07,Detroit-Nashville,Refrigerated,609,20396,2,1408.23,435.48,385.68,96.04,10.1,14,1,0
S00234,2026-06-14,Detroit-Indianapolis,Dry van,246,5436,3,529.7,149.7,198.63,30.95,15.09,28,1,0
S00235,2026-07-21,Detroit-Chicago,Dry van,297,10125,2,673.27,195.72,207.07,36.02,8.46,14,1,0
S00236,2026-08-28,Detroit-Cleveland,Dry van,186,30714,2,452.08,126.95,176.54,31.14,10.65,14,1,0
S00237,2026-09-07,Detroit-Atlanta,Dry van,619,36324,1,1167.19,382.5,400.02,105.85,35.3,0,1,0
S00238,2026-10-14,Detroit-Toronto,Dry van,220,27262,1,540.06,154.66,212.4,42.99,11.77,0,1,0
S00239,2026-11-21,Detroit-Nashville,Dry van,437,13691,1,850.83,304.04,279.62,72.79,21.18,0,0,0
S00240,2026-12-28,Detroit-Indianapolis,Dry van,307,6680,1,548.43,193.64,229.07,48.7,13.53,0,1,0
S00241,2026-01-07,Detroit-Chicago,Refrigerated,264,11153,2,612.17,171.09,212.09,35.28,10.77,150.24,1,1
S00242,2026-02-14,Detroit-Cleveland,Dry van,137,14381,3,381.77,98.27,154.72,19.2,4.28,28,1,0
S00243,2026-03-21,Detroit-Atlanta,Refrigerated,792,35368,3,1994.28,538.85,493.43,139.69,11.64,28,1,0
S00244,2026-04-28,Detroit-Toronto,Dry van,281,5014,1,612.1,202.81,240.46,39.83,10.42,49.02,1,0
S00245,2026-05-07,Detroit-Nashville,Dry van,468,25670,1,963.71,322.21,314.22,64.07,16.62,0,0,0
S00246,2026-06-14,Detroit-Indianapolis,Dry van,267,3615,1,500.59,161.19,205.56,37.36,16.26,111.91,1,0
S00247,2026-07-21,Detroit-Chicago,Dry van,259,34763,1,591.22,166.57,202.83,37.41,13.24,0,1,0
S00248,2026-08-28,Detroit-Cleveland,Dry van,191,18362,1,454.87,135.91,178.13,27.86,4.95,0,1,0
S00249,2026-09-07,Detroit-Atlanta,Dry van,679,15028,1,1375.8,465.65,411.06,96.47,25.62,108.33,1,0
S00250,2026-10-14,Detroit-Toronto,Dry van,225,28147,3,603.25,151.95,208.31,35.16,14.76,28,1,0
S00251,2026-11-21,Detroit-Nashville,Dry van,480,36264,1,1061.83,320.36,337.7,61.49,30.53,0,1,0
S00252,2026-12-28,Detroit-Indianapolis,Dry van,273,15000,2,616.54,180.02,202.9,39.78,10.43,14,1,0
S00253,2026-01-07,Detroit-Chicago,Dry van,293,23602,1,615.38,192.69,220.19,41.59,15.2,46.98,1,1
S00254,2026-02-14,Detroit-Cleveland,Refrigerated,144,15049,1,404.21,90.27,149.69,24.08,8.92,0,1,0
S00255,2026-03-21,Detroit-Atlanta,Refrigerated,694,30307,1,1562.8,410.62,441.44,103.53,30.08,0,1,0
S00256,2026-04-28,Detroit-Toronto,Refrigerated,263,15615,1,691.37,196.98,234.48,37.39,18.91,0,1,0
S00257,2026-05-07,Detroit-Nashville,Dry van,442,19542,1,887.21,273.4,287.97,75.53,7.45,48.26,1,0
S00258,2026-06-14,Detroit-Indianapolis,Dry van,311,14851,1,667.19,176.72,234.09,37.1,6.84,0,1,0
S00259,2026-07-21,Detroit-Chicago,Dry van,287,6837,1,559.39,187.13,204.62,36.48,9.67,0,1,0
S00260,2026-08-28,Detroit-Cleveland,Dry van,167,31044,1,398.41,103.57,160.44,25.17,8.57,0,1,0
S00261,2026-09-07,Detroit-Atlanta,Dry van,632,5314,2,1220.5,409.71,395.05,100.09,12.03,14,1,0
S00262,2026-10-14,Detroit-Toronto,Dry van,239,7126,1,565.57,170.56,214.58,32.85,11.07,58.96,1,0
S00263,2026-11-21,Detroit-Nashville,Dry van,542,14373,2,1068.43,331.71,375.33,77.55,31.96,14,1,0
S00264,2026-12-28,Detroit-Indianapolis,Dry van,272,2019,2,527.14,150.49,197.73,35.3,8.93,93.31,1,1
S00265,2026-01-07,Detroit-Chicago,Dry van,290,2531,2,562.99,173.39,231.99,48.79,10.37,84.09,1,0
S00266,2026-02-14,Detroit-Cleveland,Dry van,181,17489,1,405.01,116.06,182.15,34.5,5.81,0,0,0
S00267,2026-03-21,Detroit-Atlanta,Dry van,799,34907,3,1735.23,499.93,470.82,116.93,17.55,28,1,0
S00268,2026-04-28,Detroit-Toronto,Dry van,203,13039,2,539.25,137.44,202.45,37.08,3.73,14,1,0
S00269,2026-05-07,Detroit-Nashville,Refrigerated,541,35379,1,1201.35,388.91,373.51,95.28,26.96,0,1,0
S00270,2026-06-14,Detroit-Indianapolis,Dry van,339,5550,3,767.91,188.42,242.99,58.11,13.24,28,1,0
S00271,2026-07-21,Detroit-Chicago,Refrigerated,290,20385,2,766.53,192.35,218.99,47.78,15.23,14,1,0
S00272,2026-08-28,Detroit-Cleveland,Dry van,182,17415,1,376.72,130.28,182.42,26.35,4.7,0,1,0
S00273,2026-09-07,Detroit-Atlanta,Dry van,801,7516,2,1541.66,509.56,490.18,96.62,38.34,14,1,0
S00274,2026-10-14,Detroit-Toronto,Dry van,218,17616,2,515.74,168.48,211.83,33.01,13.79,14,1,0
S00275,2026-11-21,Detroit-Nashville,Dry van,477,27382,1,975.82,320.95,327.74,80.51,21.11,0,1,0
S00276,2026-12-28,Detroit-Indianapolis,Refrigerated,251,18148,1,560.88,163.23,182.37,34.97,12.82,0,1,0
S00277,2026-01-07,Detroit-Chicago,Dry van,319,31253,1,641.73,185.01,246.33,52.92,8.7,0,1,0
S00278,2026-02-14,Detroit-Cleveland,Dry van,161,14014,2,415.17,110.7,156.31,29.92,3.33,14,1,0
S00279,2026-03-21,Detroit-Atlanta,Dry van,784,20890,1,1543.63,526.15,493.21,103.56,22.45,0,0,0
S00280,2026-04-28,Detroit-Toronto,Dry van,270,17447,2,676.32,192.72,244.87,39.15,7.33,14,1,0
S00281,2026-05-07,Detroit-Nashville,Refrigerated,467,7477,1,1005.22,314.22,309.78,66.04,23.19,145.23,1,1
S00282,2026-06-14,Detroit-Indianapolis,Dry van,246,10052,1,464.89,163.35,185.38,37.81,9.84,0,1,0
S00283,2026-07-21,Detroit-Chicago,Dry van,265,26260,1,589.88,173.4,200.26,32.96,4.63,81.21,1,0
S00284,2026-08-28,Detroit-Cleveland,Refrigerated,168,15208,1,443.3,109.82,165.8,31.7,4.66,0,1,0
S00285,2026-09-07,Detroit-Atlanta,Dry van,695,15840,2,1456.1,440.95,392.02,95.19,28.63,14,1,0
S00286,2026-10-14,Detroit-Toronto,Dry van,247,6382,1,555.07,172.35,224.43,38.37,14.02,0,1,0
S00287,2026-11-21,Detroit-Nashville,Dry van,466,36148,1,917.85,319.05,294.0,57.68,26.91,0,1,0
S00288,2026-12-28,Detroit-Indianapolis,Refrigerated,271,31241,2,714.95,171.05,192.71,32.55,9.07,14,1,0
S00289,2026-01-07,Detroit-Chicago,Refrigerated,282,35459,1,766.11,189.97,218.73,36.01,4.71,83.3,0,1
S00290,2026-02-14,Detroit-Cleveland,Dry van,203,5608,1,418.73,146.58,193.54,34.37,8.32,0,0,0
S00291,2026-03-21,Detroit-Atlanta,Dry van,802,8051,3,1675.78,503.59,436.89,134.12,31.06,88.05,0,1
S00292,2026-04-28,Detroit-Toronto,Dry van,206,16848,1,520.18,131.09,204.71,39.54,3.9,63.48,1,0
S00293,2026-05-07,Detroit-Nashville,Dry van,581,18167,2,1239.25,353.01,354.38,71.99,33.5,14,1,0
S00294,2026-06-14,Detroit-Indianapolis,Dry van,339,33647,1,735.25,227.93,241.19,49.07,10.55,0,1,0
S00295,2026-07-21,Detroit-Chicago,Refrigerated,278,29016,1,705.02,168.37,220.82,33.74,10.1,0,1,0
S00296,2026-08-28,Detroit-Cleveland,Dry van,144,21760,1,337.28,105.06,155.13,24.82,7.85,0,1,0
S00297,2026-09-07,Detroit-Atlanta,Dry van,821,2068,1,1327.95,497.48,455.03,143.23,34.01,0,1,0
S00298,2026-10-14,Detroit-Toronto,Dry van,233,17434,1,537.9,161.64,196.75,44.9,13.01,92.36,1,0
S00299,2026-11-21,Detroit-Nashville,Dry van,499,38226,1,1058.6,333.53,342.66,85.73,14.75,0,1,0
S00300,2026-12-28,Detroit-Indianapolis,Dry van,260,23161,1,493.0,159.52,202.05,32.06,8.19,0,1,0
S00301,2026-01-07,Detroit-Chicago,Dry van,282,26652,1,555.2,190.81,204.82,39.41,6.99,0,1,0
S00302,2026-02-14,Detroit-Cleveland,Dry van,204,15971,2,469.13,152.0,182.57,35.15,10.1,61.61,1,0
S00303,2026-03-21,Detroit-Atlanta,Dry van,666,20124,3,1410.52,450.41,369.78,116.1,37.17,28,1,0
S00304,2026-04-28,Detroit-Toronto,Dry van,207,21170,1,523.71,140.14,200.91,35.1,12.52,0,1,0
S00305,2026-05-07,Detroit-Nashville,Dry van,684,36465,1,1333.61,425.63,429.6,95.94,16.39,0,1,0
S00306,2026-06-14,Detroit-Indianapolis,Dry van,278,20282,1,606.0,165.33,202.91,39.54,4.06,0,1,0
S00307,2026-07-21,Detroit-Chicago,Dry van,267,26759,1,597.07,179.1,211.54,34.63,5.95,0,1,0
S00308,2026-08-28,Detroit-Cleveland,Dry van,170,6252,1,369.83,105.44,161.64,28.75,3.88,0,1,0
S00309,2026-09-07,Detroit-Atlanta,Dry van,670,21045,2,1329.14,410.66,423.77,89.87,29.53,14,0,0
S00310,2026-10-14,Detroit-Toronto,Dry van,245,37719,1,619.16,173.17,205.23,40.94,10.15,0,1,0
S00311,2026-11-21,Detroit-Nashville,Dry van,500,3842,1,859.73,359.3,340.93,87.58,32.23,0,1,0
S00312,2026-12-28,Detroit-Indianapolis,Dry van,274,12074,2,560.92,165.01,194.08,41.03,16.88,14,1,0
S00313,2026-01-07,Detroit-Chicago,Dry van,299,13196,1,578.62,178.27,213.11,50.61,12.78,0,1,0
S00314,2026-02-14,Detroit-Cleveland,Dry van,166,25730,3,473.23,106.79,172.34,27.39,6.97,137.42,1,0
S00315,2026-03-21,Detroit-Atlanta,Refrigerated,808,19423,2,1952.97,494.69,443.55,108.18,37.98,14,1,0
S00316,2026-04-28,Detroit-Toronto,Dry van,210,33902,2,597.52,153.01,202.05,35.77,11.33,14,1,0
S00317,2026-05-07,Detroit-Nashville,Refrigerated,550,33315,2,1463.72,352.63,355.4,89.86,11.18,82.97,0,1
S00318,2026-06-14,Detroit-Indianapolis,Dry van,301,26734,2,717.17,194.01,222.55,44.66,5.5,14,1,0
S00319,2026-07-21,Detroit-Chicago,Dry van,287,20617,2,675.31,194.7,202.55,49.85,5.13,14,1,0
S00320,2026-08-28,Detroit-Cleveland,Dry van,168,24835,1,356.11,103.62,170.94,31.34,4.5,0,1,0
S00321,2026-09-07,Detroit-Atlanta,Dry van,749,7004,1,1397.54,507.73,406.97,128.96,13.36,42.43,1,1
S00322,2026-10-14,Detroit-Toronto,Dry van,247,37069,1,605.78,181.55,211.86,38.92,15.36,0,1,0
S00323,2026-11-21,Detroit-Nashville,Dry van,552,22332,1,1203.05,363.18,368.6,75.06,35.81,0,1,0
S00324,2026-12-28,Detroit-Indianapolis,Refrigerated,290,11424,1,668.13,186.02,224.4,43.92,12.29,0,1,0
S00325,2026-01-07,Detroit-Chicago,Dry van,234,2521,1,414.17,160.76,184.64,28.63,13.71,97.49,1,0
S00326,2026-02-14,Detroit-Cleveland,Dry van,187,27552,1,452.45,130.16,179.31,27.16,6.33,0,1,0
S00327,2026-03-21,Detroit-Atlanta,Refrigerated,662,16576,1,1585.23,427.63,421.06,95.62,12.52,0,0,0
S00328,2026-04-28,Detroit-Toronto,Dry van,227,35581,1,551.03,144.58,209.1,44.93,6.66,0,1,0
S00329,2026-05-07,Detroit-Nashville,Dry van,603,23521,1,1203.31,433.76,362.13,108.6,30.67,0,1,0
S00330,2026-06-14,Detroit-Indianapolis,Dry van,287,9160,1,608.52,191.94,196.26,43.22,13.38,0,0,0
S00331,2026-07-21,Detroit-Chicago,Dry van,274,17156,1,563.25,172.11,209.03,42.13,7.55,0,1,0
S00332,2026-08-28,Detroit-Cleveland,Refrigerated,153,29950,1,399.11,100.75,167.34,20.99,3.61,0,1,0
S00333,2026-09-07,Detroit-Atlanta,Dry van,680,33260,1,1401.15,400.13,438.4,81.59,30.63,0,1,0
S00334,2026-10-14,Detroit-Toronto,Dry van,241,4974,2,589.19,172.89,210.17,36.8,4.22,14,1,0
S00335,2026-11-21,Detroit-Nashville,Refrigerated,512,20058,2,1240.96,304.89,326.93,73.17,22.99,14,0,0
S00336,2026-12-28,Detroit-Indianapolis,Refrigerated,303,5897,2,733.85,187.48,221.58,38.47,9.72,14,1,0
S00337,2026-01-07,Detroit-Chicago,Dry van,309,17440,1,678.62,213.38,226.63,44.59,9.62,81.56,1,0
S00338,2026-02-14,Detroit-Cleveland,Dry van,177,18957,1,402.31,129.59,177.79,28.54,4.28,0,1,0
S00339,2026-03-21,Detroit-Atlanta,Dry van,779,14869,2,1591.29,485.69,440.78,98.54,32.63,54.35,1,1
S00340,2026-04-28,Detroit-Toronto,Dry van,246,36489,1,649.1,177.07,208.02,45.85,16.48,0,1,0
S00341,2026-05-07,Detroit-Nashville,Dry van,597,8568,1,1205.38,391.53,410.45,95.5,38.41,0,1,0
S00342,2026-06-14,Detroit-Indianapolis,Refrigerated,301,3746,3,701.59,189.2,205.78,43.57,15.54,28,1,0
S00343,2026-07-21,Detroit-Chicago,Dry van,279,16693,1,558.97,169.05,203.88,34.77,11.34,0,1,0
S00344,2026-08-28,Detroit-Cleveland,Dry van,177,25763,2,424.64,118.04,172.16,30.14,4.46,14,1,0
S00345,2026-09-07,Detroit-Atlanta,Refrigerated,741,18613,1,1537.32,434.34,456.12,127.92,19.89,0,1,0
S00346,2026-10-14,Detroit-Toronto,Dry van,213,20364,1,533.93,139.76,199.71,39.95,12.61,0,1,0
S00347,2026-11-21,Detroit-Nashville,Dry van,485,15876,1,970.89,300.77,342.51,87.2,26.89,0,1,0
S00348,2026-12-28,Detroit-Indianapolis,Dry van,295,28654,1,590.2,178.05,210.18,40.0,12.89,55.18,1,1
S00349,2026-01-07,Detroit-Chicago,Refrigerated,294,9739,2,676.82,186.43,218.79,42.17,12.85,14,0,0
S00350,2026-02-14,Detroit-Cleveland,Dry van,171,6861,1,367.39,109.38,174.04,23.44,9.22,0,1,0
S00351,2026-03-21,Detroit-Atlanta,Dry van,611,36627,1,1135.5,366.23,348.91,72.52,10.42,97.85,1,0
S00352,2026-04-28,Detroit-Toronto,Refrigerated,245,37330,2,770.98,169.14,211.11,44.13,7.11,14,1,0
S00353,2026-05-07,Detroit-Nashville,Dry van,544,26529,2,1111.1,356.36,340.2,81.6,29.5,14,1,0
S00354,2026-06-14,Detroit-Indianapolis,Dry van,302,5491,2,597.6,173.22,207.62,36.83,7.24,14,1,0
S00355,2026-07-21,Detroit-Chicago,Dry van,254,5752,1,509.56,150.48,186.97,40.7,7.47,0,1,0
S00356,2026-08-28,Detroit-Cleveland,Dry van,169,28948,1,361.85,109.48,176.27,25.87,5.91,0,1,0
S00357,2026-09-07,Detroit-Atlanta,Dry van,856,2434,1,1439.28,524.66,465.48,121.46,19.02,0,1,0
S00358,2026-10-14,Detroit-Toronto,Dry van,205,18456,1,456.58,138.67,196.08,39.49,12.22,0,1,0
S00359,2026-11-21,Detroit-Nashville,Dry van,555,35458,1,1084.67,370.13,352.37,100.84,24.14,0,1,0
S00360,2026-12-28,Detroit-Indianapolis,Dry van,281,9257,1,535.17,187.22,199.3,48.49,14.4,0,1,0
S00361,2026-01-07,Detroit-Chicago,Dry van,294,17701,1,610.27,172.54,232.04,45.15,11.15,0,0,0
S00362,2026-02-14,Detroit-Cleveland,Refrigerated,167,12598,1,448.29,111.49,170.13,28.32,9.98,0,1,0
S00363,2026-03-21,Detroit-Atlanta,Dry van,766,24672,1,1575.11,443.03,432.99,125.08,21.32,0,1,0
S00364,2026-04-28,Detroit-Toronto,Dry van,226,25942,2,566.8,166.87,215.7,41.93,13.95,14,1,0
S00365,2026-05-07,Detroit-Nashville,Dry van,474,30310,1,1021.11,325.73,342.6,76.56,29.53,0,1,0
S00366,2026-06-14,Detroit-Indianapolis,Dry van,297,25928,1,622.83,173.81,205.01,39.59,4.56,0,1,0
S00367,2026-07-21,Detroit-Chicago,Dry van,300,7157,1,642.05,209.33,235.88,36.5,15.72,0,1,0
S00368,2026-08-28,Detroit-Cleveland,Dry van,172,32295,1,373.75,129.14,174.06,23.88,4.54,49.14,1,0
S00369,2026-09-07,Detroit-Atlanta,Dry van,684,22009,2,1433.54,430.99,442.24,91.28,23.05,14,1,0
S00370,2026-10-14,Detroit-Toronto,Refrigerated,262,19070,2,764.19,192.79,231.78,50.22,14.85,14,1,0
S00371,2026-11-21,Detroit-Nashville,Dry van,604,5400,2,1155.19,405.99,386.13,103.04,32.14,74.4,1,0
S00372,2026-12-28,Detroit-Indianapolis,Dry van,257,9953,1,546.79,173.38,199.97,38.14,15.6,0,1,0
S00373,2026-01-07,Detroit-Chicago,Dry van,265,17101,1,515.65,169.47,212.65,32.31,4.42,0,1,0
S00374,2026-02-14,Detroit-Cleveland,Dry van,182,13103,1,421.39,120.45,182.81,28.5,6.64,0,1,0
S00375,2026-03-21,Detroit-Atlanta,Dry van,786,35132,1,1462.35,464.06,450.03,106.09,31.82,0,1,0
S00376,2026-04-28,Detroit-Toronto,Dry van,275,10302,2,655.51,212.89,236.58,38.55,7.21,14,1,0
S00377,2026-05-07,Detroit-Nashville,Dry van,514,8070,2,1028.8,324.54,364.88,75.97,11.44,14,1,0
S00378,2026-06-14,Detroit-Indianapolis,Dry van,285,18039,2,640.88,173.37,210.87,42.0,13.4,14,1,0
S00379,2026-07-21,Detroit-Chicago,Dry van,288,34898,1,659.34,186.2,204.74,36.85,18.16,102.28,1,0
S00380,2026-08-28,Detroit-Cleveland,Dry van,154,24033,2,403.78,104.73,152.32,24.62,10.59,14,1,0
S00381,2026-09-07,Detroit-Atlanta,Dry van,693,9921,1,1341.11,434.88,412.9,101.35,37.48,0,1,0
S00382,2026-10-14,Detroit-Toronto,Dry van,231,8074,2,532.54,150.57,209.2,36.85,6.48,14,1,0
S00383,2026-11-21,Detroit-Nashville,Refrigerated,608,18933,1,1510.02,408.22,382.58,85.51,38.94,0,1,0
S00384,2026-12-28,Detroit-Indianapolis,Dry van,241,15757,1,464.58,139.45,190.91,33.78,12.13,0,1,0
S00385,2026-01-07,Detroit-Chicago,Refrigerated,322,28732,2,902.26,210.75,231.19,51.25,9.15,14,1,0
S00386,2026-02-14,Detroit-Cleveland,Refrigerated,159,23438,1,388.0,114.91,158.79,25.75,9.81,0,0,0
S00387,2026-03-21,Detroit-Atlanta,Dry van,721,4378,2,1326.0,445.46,399.25,114.06,32.84,39.77,1,1
S00388,2026-04-28,Detroit-Toronto,Dry van,233,23032,2,632.05,174.02,201.07,40.43,12.69,14,1,0
S00389,2026-05-07,Detroit-Nashville,Dry van,574,20775,1,1084.46,392.89,392.39,83.9,30.57,0,1,0
S00390,2026-06-14,Detroit-Indianapolis,Dry van,290,17760,3,718.78,171.12,202.22,49.24,9.63,28,1,0
S00391,2026-07-21,Detroit-Chicago,Dry van,246,12015,1,486.31,146.77,190.85,30.66,5.11,113.26,1,0
S00392,2026-08-28,Detroit-Cleveland,Refrigerated,186,7123,1,472.75,130.09,173.02,35.38,3.31,97.31,1,0
S00393,2026-09-07,Detroit-Atlanta,Dry van,783,25946,1,1650.66,534.16,431.94,133.67,33.1,0,1,0
S00394,2026-10-14,Detroit-Toronto,Dry van,273,21269,1,645.9,202.54,236.04,41.16,19.24,0,1,0
S00395,2026-11-21,Detroit-Nashville,Dry van,603,22250,1,1159.32,398.48,409.09,82.27,12.31,0,1,0
S00396,2026-12-28,Detroit-Indianapolis,Refrigerated,249,21971,3,684.53,161.15,186.84,31.49,9.45,28,1,0
S00397,2026-01-07,Detroit-Chicago,Dry van,256,13202,1,541.12,172.88,192.98,40.27,7.23,0,0,0
S00398,2026-02-14,Detroit-Cleveland,Dry van,171,22418,2,391.36,111.56,169.53,29.88,3.19,14,1,0
S00399,2026-03-21,Detroit-Atlanta,Dry van,814,6728,2,1489.99,530.84,508.78,134.34,41.06,14,0,0
S00400,2026-04-28,Detroit-Toronto,Dry van,215,4393,1,488.11,144.16,196.91,40.38,14.44,0,1,0
S00401,2026-05-07,Detroit-Nashville,Refrigerated,667,28801,1,1724.19,400.25,397.61,104.89,17.9,0,0,0
S00402,2026-06-14,Detroit-Indianapolis,Dry van,318,17848,1,611.72,176.94,223.37,48.57,14.91,115.37,1,1
S00403,2026-07-21,Detroit-Chicago,Dry van,278,23300,1,630.68,172.62,211.66,45.06,5.47,60.77,1,0
S00404,2026-08-28,Detroit-Cleveland,Refrigerated,164,16575,1,461.17,102.04,169.9,23.24,4.63,0,1,0
S00405,2026-09-07,Detroit-Atlanta,Refrigerated,722,4289,1,1456.09,449.45,426.73,100.66,16.87,0,1,0
S00406,2026-10-14,Detroit-Toronto,Dry van,224,29601,1,587.64,156.44,210.45,40.72,14.13,0,1,0
S00407,2026-11-21,Detroit-Nashville,Dry van,571,28639,3,1303.63,344.37,365.02,76.65,15.8,28,1,0
S00408,2026-12-28,Detroit-Indianapolis,Dry van,260,26199,1,509.21,173.22,190.82,33.84,5.31,0,1,0
S00409,2026-01-07,Detroit-Chicago,Dry van,245,10059,1,472.45,149.43,189.97,33.16,5.97,0,1,0
S00410,2026-02-14,Detroit-Cleveland,Dry van,173,20991,1,394.69,118.77,176.57,28.69,11.0,0,1,0
S00411,2026-03-21,Detroit-Atlanta,Dry van,660,11537,1,1222.98,376.96,383.37,100.69,17.67,0,1,0
S00412,2026-04-28,Detroit-Toronto,Dry van,218,17836,1,528.32,153.17,207.64,34.2,6.37,0,1,0
S00413,2026-05-07,Detroit-Nashville,Refrigerated,542,26364,1,1351.57,326.6,335.18,89.57,25.37,0,1,0
S00414,2026-06-14,Detroit-Indianapolis,Dry van,244,5244,1,426.2,158.74,191.26,42.4,14.47,0,1,0
S00415,2026-07-21,Detroit-Chicago,Dry van,308,4048,1,552.54,181.57,232.01,52.36,13.59,0,0,0
S00416,2026-08-28,Detroit-Cleveland,Dry van,170,11489,1,389.21,116.9,161.65,31.28,8.05,0,1,0
S00417,2026-09-07,Detroit-Atlanta,Dry van,752,35186,3,1456.76,466.44,454.52,98.5,17.94,28,1,0
S00418,2026-10-14,Detroit-Toronto,Dry van,247,10329,1,609.13,159.92,218.04,33.05,17.09,47.87,1,0
S00419,2026-11-21,Detroit-Nashville,Dry van,554,17522,1,1175.31,367.8,361.45,78.45,17.61,55.86,1,0
S00420,2026-12-28,Detroit-Indianapolis,Dry van,266,10655,1,564.48,169.65,198.02,35.88,16.17,0,1,0
S00421,2026-01-07,Detroit-Chicago,Dry van,241,6417,3,547.97,143.25,198.17,34.23,10.52,28,1,0
S00422,2026-02-14,Detroit-Cleveland,Dry van,189,17170,1,405.37,129.5,184.96,27.66,8.65,0,1,0
S00423,2026-03-21,Detroit-Atlanta,Dry van,686,27916,1,1269.98,421.73,380.38,112.57,16.36,0,0,0
S00424,2026-04-28,Detroit-Toronto,Dry van,258,15094,1,614.35,185.73,210.11,49.09,4.89,0,1,0
S00425,2026-05-07,Detroit-Nashville,Dry van,535,35739,1,1044.25,379.39,327.08,66.5,31.99,0,1,0
S00426,2026-06-14,Detroit-Indianapolis,Dry van,273,21984,1,554.11,183.31,196.17,42.2,4.08,51.97,1,0
S00427,2026-07-21,Detroit-Chicago,Dry van,256,26743,3,619.86,156.32,209.93,35.9,6.11,117.41,1,1
S00428,2026-08-28,Detroit-Cleveland,Refrigerated,170,4757,2,422.38,120.47,172.97,23.83,4.45,14,1,0
S00429,2026-09-07,Detroit-Atlanta,Dry van,741,13327,1,1458.24,421.06,422.46,90.31,14.14,0,1,0
S00430,2026-10-14,Detroit-Toronto,Refrigerated,229,36308,1,684.73,171.39,214.54,32.2,5.0,0,1,0
S00431,2026-11-21,Detroit-Nashville,Dry van,544,10667,3,1145.29,388.03,345.93,87.14,35.99,28,1,0
S00432,2026-12-28,Detroit-Indianapolis,Dry van,286,30420,1,571.54,164.7,201.76,41.66,9.83,0,1,0
S00433,2026-01-07,Detroit-Chicago,Refrigerated,302,17713,1,765.12,191.39,236.35,42.07,6.0,0,1,0
S00434,2026-02-14,Detroit-Cleveland,Refrigerated,198,21068,3,576.08,126.75,188.06,26.51,11.32,28,1,0
S00435,2026-03-21,Detroit-Atlanta,Dry van,736,36918,1,1528.44,426.8,405.53,121.66,45.17,0,1,0
S00436,2026-04-28,Detroit-Toronto,Dry van,234,37777,2,647.7,159.76,202.2,40.86,10.43,14,1,0
S00437,2026-05-07,Detroit-Nashville,Refrigerated,436,35753,2,1109.34,310.36,316.83,64.39,9.18,14,1,0
S00438,2026-06-14,Detroit-Indianapolis,Dry van,302,23171,2,659.96,172.94,216.46,48.38,10.9,14,0,0
S00439,2026-07-21,Detroit-Chicago,Refrigerated,234,12122,1,573.35,141.62,194.12,39.25,4.11,0,1,0
S00440,2026-08-28,Detroit-Cleveland,Refrigerated,162,11503,1,438.75,120.53,169.76,25.92,3.66,0,1,0
S00441,2026-09-07,Detroit-Atlanta,Dry van,643,9941,2,1335.52,393.01,389.69,86.6,21.1,14,1,0
S00442,2026-10-14,Detroit-Toronto,Dry van,263,10194,2,670.63,200.68,239.46,47.51,8.71,14,1,0
S00443,2026-11-21,Detroit-Nashville,Dry van,427,12975,1,790.9,261.03,305.24,61.98,17.61,0,1,0
S00444,2026-12-28,Detroit-Indianapolis,Dry van,344,31669,3,734.69,195.23,231.1,41.38,19.62,28,1,0
S00445,2026-01-07,Detroit-Chicago,Dry van,238,10969,1,518.96,155.77,188.33,35.25,4.47,0,1,0
S00446,2026-02-14,Detroit-Cleveland,Dry van,153,7080,2,346.98,97.8,153.55,25.15,7.4,14,1,0
S00447,2026-03-21,Detroit-Atlanta,Dry van,872,37958,1,1803.35,575.3,472.45,133.69,16.27,0,1,0
S00448,2026-04-28,Detroit-Toronto,Dry van,234,13960,2,608.77,171.86,214.61,32.38,6.2,127.16,1,0
S00449,2026-05-07,Detroit-Nashville,Dry van,530,3589,1,1046.13,324.07,366.86,83.83,14.24,0,1,0
S00450,2026-06-14,Detroit-Indianapolis,Dry van,302,6935,1,554.13,191.03,211.89,45.04,5.16,0,1,0
S00451,2026-07-21,Detroit-Chicago,Refrigerated,305,37494,1,806.33,211.42,233.34,43.1,8.37,0,1,0
S00452,2026-08-28,Detroit-Cleveland,Dry van,181,19359,1,414.13,111.5,172.54,28.64,7.07,0,1,0
S00453,2026-09-07,Detroit-Atlanta,Dry van,788,7017,2,1523.44,535.24,488.49,115.78,49.26,14,0,0
S00454,2026-10-14,Detroit-Toronto,Dry van,229,12472,1,538.26,149.8,201.58,34.14,5.24,0,1,0
S00455,2026-11-21,Detroit-Nashville,Dry van,574,33740,3,1355.64,398.16,353.87,79.64,26.65,119.46,1,0
S00456,2026-12-28,Detroit-Indianapolis,Dry van,293,19723,2,594.57,187.79,210.21,44.88,14.51,127.88,1,0
S00457,2026-01-07,Detroit-Chicago,Refrigerated,268,14876,1,679.17,175.16,218.36,44.45,6.96,79.52,0,1
S00458,2026-02-14,Detroit-Cleveland,Dry van,169,21619,2,422.15,110.93,174.69,27.94,8.47,14,1,0
S00459,2026-03-21,Detroit-Atlanta,Refrigerated,732,9398,1,1610.68,454.33,399.31,93.21,45.65,0,1,0
S00460,2026-04-28,Detroit-Toronto,Refrigerated,248,26690,1,716.31,160.24,224.91,45.32,15.76,0,0,0
S00461,2026-05-07,Detroit-Nashville,Dry van,589,11339,1,1225.39,367.52,392.4,95.55,13.51,0,1,0
S00462,2026-06-14,Detroit-Indianapolis,Dry van,260,8037,1,485.39,169.54,207.07,35.69,6.26,81.93,1,1
S00463,2026-07-21,Detroit-Chicago,Dry van,259,13629,3,580.42,180.06,206.5,34.87,12.67,28,1,0
S00464,2026-08-28,Detroit-Cleveland,Dry van,187,24221,1,414.2,125.48,170.08,24.73,11.93,78.04,1,0
S00465,2026-09-07,Detroit-Atlanta,Dry van,750,14349,1,1363.67,427.42,460.16,129.99,42.54,0,1,0
S00466,2026-10-14,Detroit-Toronto,Refrigerated,232,11843,1,585.07,169.84,207.23,42.26,6.71,0,1,0
S00467,2026-11-21,Detroit-Nashville,Dry van,485,22145,1,1058.34,320.02,330.88,76.75,29.4,0,1,0
S00468,2026-12-28,Detroit-Indianapolis,Dry van,300,23613,1,624.99,180.31,229.61,51.24,7.41,0,1,0
S00469,2026-01-07,Detroit-Chicago,Dry van,272,24407,1,578.07,156.64,208.03,40.92,4.35,0,1,0
S00470,2026-02-14,Detroit-Cleveland,Dry van,193,26695,2,504.54,137.7,177.65,37.04,13.05,14,1,0
S00471,2026-03-21,Detroit-Atlanta,Refrigerated,709,27756,2,1579.69,468.02,421.58,124.16,13.15,14,1,0
S00472,2026-04-28,Detroit-Toronto,Dry van,240,5176,2,540.9,163.11,206.1,41.63,6.8,14,1,0
S00473,2026-05-07,Detroit-Nashville,Refrigerated,599,13297,1,1316.52,425.56,393.36,82.19,27.49,66.37,1,0
S00474,2026-06-14,Detroit-Indianapolis,Dry van,306,28184,2,681.47,202.94,222.22,45.17,14.55,14,1,0
S00475,2026-07-21,Detroit-Chicago,Dry van,291,37502,1,681.0,180.15,207.45,51.93,18.0,0,1,0
S00476,2026-08-28,Detroit-Cleveland,Dry van,154,4891,1,301.13,110.56,154.49,24.19,6.06,0,1,0
S00477,2026-09-07,Detroit-Atlanta,Refrigerated,717,20604,2,1568.9,453.27,405.48,88.71,13.91,14,1,0
S00478,2026-10-14,Detroit-Toronto,Dry van,224,16130,1,553.32,148.78,205.14,36.51,6.36,0,1,0
S00479,2026-11-21,Detroit-Nashville,Dry van,523,22358,1,1005.18,335.88,338.22,72.28,10.44,0,1,0
S00480,2026-12-28,Detroit-Indianapolis,Dry van,347,20333,1,652.82,200.17,249.42,45.36,8.7,54.76,1,0
S00481,2026-01-07,Detroit-Chicago,Refrigerated,304,34807,2,856.75,188.47,227.05,49.6,8.71,14,1,0
S00482,2026-02-14,Detroit-Cleveland,Dry van,171,27872,1,398.01,127.66,173.46,31.83,7.74,62.95,1,0
S00483,2026-03-21,Detroit-Atlanta,Dry van,678,12139,1,1245.15,410.6,414.8,90.48,30.56,0,0,0
S00484,2026-04-28,Detroit-Toronto,Dry van,232,33819,3,616.3,155.55,205.44,40.74,4.98,28,1,0
S00485,2026-05-07,Detroit-Nashville,Dry van,596,10573,1,1184.84,404.5,377.48,95.2,17.3,62.82,0,1
S00486,2026-06-14,Detroit-Indianapolis,Dry van,232,29767,2,486.41,130.96,171.48,33.52,11.78,105.18,1,0
S00487,2026-07-21,Detroit-Chicago,Refrigerated,286,2301,1,602.49,187.56,219.67,34.47,7.66,0,1,0
S00488,2026-08-28,Detroit-Cleveland,Dry van,126,31118,1,309.51,88.68,143.67,16.97,6.66,0,1,0
S00489,2026-09-07,Detroit-Atlanta,Dry van,742,12618,2,1512.68,434.74,430.12,103.68,44.59,14,1,0
S00490,2026-10-14,Detroit-Toronto,Dry van,231,30556,1,594.45,150.31,208.66,31.28,7.9,84.86,1,1
S00491,2026-11-21,Detroit-Nashville,Dry van,636,12107,1,1312.86,409.71,381.54,113.83,13.76,0,1,0
S00492,2026-12-28,Detroit-Indianapolis,Dry van,308,33162,1,638.51,193.07,227.45,51.86,9.33,97.7,1,0
S00493,2026-01-07,Detroit-Chicago,Dry van,241,36818,1,492.49,152.97,183.82,38.22,9.83,0,1,0
S00494,2026-02-14,Detroit-Cleveland,Dry van,166,8925,2,410.96,107.75,166.67,29.05,6.95,14,1,0
S00495,2026-03-21,Detroit-Atlanta,Dry van,689,35107,1,1343.52,466.0,398.63,119.42,32.29,0,1,0
S00496,2026-04-28,Detroit-Toronto,Refrigerated,195,28573,1,545.61,137.62,183.78,29.03,4.62,0,1,0
S00497,2026-05-07,Detroit-Nashville,Dry van,511,17908,1,1089.6,334.93,318.06,90.48,17.72,0,1,0
S00498,2026-06-14,Detroit-Indianapolis,Refrigerated,336,8379,1,814.2,186.57,221.59,45.98,11.36,0,1,0
S00499,2026-07-21,Detroit-Chicago,Dry van,304,4875,1,619.63,178.83,227.02,43.32,11.66,0,1,0
S00500,2026-08-28,Detroit-Cleveland,Refrigerated,172,28053,3,574.59,116.79,163.08,28.35,5.05,28,1,0
S00501,2026-09-07,Detroit-Atlanta,Dry van,596,24357,1,1106.45,354.31,393.47,82.94,30.7,62.68,1,1
S00502,2026-10-14,Detroit-Toronto,Dry van,272,16223,2,692.7,190.41,245.65,38.74,8.52,14,1,0
S00503,2026-11-21,Detroit-Nashville,Dry van,525,12354,1,956.75,346.19,340.9,75.0,25.84,0,1,0
S00504,2026-12-28,Detroit-Indianapolis,Dry van,303,37382,1,681.89,197.28,213.77,39.77,13.79,0,1,0
S00505,2026-01-07,Detroit-Chicago,Refrigerated,280,27519,1,742.95,186.77,226.17,47.89,15.09,0,1,0
S00506,2026-02-14,Detroit-Cleveland,Refrigerated,167,37816,1,473.55,113.71,170.58,27.74,3.75,0,1,0
S00507,2026-03-21,Detroit-Atlanta,Dry van,621,9491,1,1063.78,398.8,397.98,81.24,14.86,0,1,0
S00508,2026-04-28,Detroit-Toronto,Dry van,237,3865,1,487.19,163.22,199.9,44.99,10.16,0,1,0
S00509,2026-05-07,Detroit-Nashville,Refrigerated,548,37622,1,1368.42,364.26,367.46,80.68,25.33,0,1,0
S00510,2026-06-14,Detroit-Indianapolis,Dry van,268,25549,3,640.16,172.99,208.51,34.3,8.75,28,1,0
S00511,2026-07-21,Detroit-Chicago,Dry van,263,8364,1,500.5,174.8,191.95,38.04,6.56,0,1,0
S00512,2026-08-28,Detroit-Cleveland,Refrigerated,167,29643,1,456.66,112.78,173.2,28.18,5.04,0,1,0
S00513,2026-09-07,Detroit-Atlanta,Dry van,772,22457,2,1660.8,453.74,439.5,124.02,42.84,60.11,1,1
S00514,2026-10-14,Detroit-Toronto,Dry van,242,24832,1,576.32,180.22,213.03,40.89,5.88,0,1,0
S00515,2026-11-21,Detroit-Nashville,Dry van,467,34483,2,936.97,331.3,307.69,73.86,16.02,14,1,0
S00516,2026-12-28,Detroit-Indianapolis,Dry van,299,32281,1,648.69,200.72,201.64,42.48,5.58,0,1,0
S00517,2026-01-07,Detroit-Chicago,Dry van,283,31851,3,737.0,192.76,221.11,44.2,5.7,28,0,0
S00518,2026-02-14,Detroit-Cleveland,Dry van,193,24834,1,449.49,122.51,191.52,32.89,8.81,49.72,0,0
S00519,2026-03-21,Detroit-Atlanta,Refrigerated,805,27657,2,1757.91,452.22,503.04,99.65,22.52,14,1,0
S00520,2026-04-28,Detroit-Toronto,Dry van,229,34695,2,605.86,166.48,219.73,41.3,7.58,14,1,0
S00521,2026-05-07,Detroit-Nashville,Dry van,593,18197,2,1174.13,391.39,391.33,94.9,20.88,14,1,0
S00522,2026-06-14,Detroit-Indianapolis,Dry van,292,31871,2,631.92,168.88,220.29,37.19,14.56,14,1,0
S00523,2026-07-21,Detroit-Chicago,Refrigerated,252,6035,3,698.43,170.61,202.34,39.94,5.91,28,1,0
S00524,2026-08-28,Detroit-Cleveland,Refrigerated,193,17357,1,496.44,131.06,175.04,36.39,13.12,0,1,0
S00525,2026-09-07,Detroit-Atlanta,Dry van,724,25781,1,1464.95,485.92,419.01,85.39,45.71,0,1,0
S00526,2026-10-14,Detroit-Toronto,Refrigerated,222,38099,1,625.06,169.92,191.07,41.26,14.83,0,1,0
S00527,2026-11-21,Detroit-Nashville,Dry van,568,16261,2,1073.04,387.07,346.81,75.31,15.95,14,1,0
S00528,2026-12-28,Detroit-Indianapolis,Dry van,277,34884,1,551.18,178.85,215.01,38.26,10.78,0,1,0
S00529,2026-01-07,Detroit-Chicago,Refrigerated,278,34426,1,664.1,188.05,219.84,40.73,10.42,0,1,0
S00530,2026-02-14,Detroit-Cleveland,Dry van,169,16677,2,447.34,127.46,163.78,22.37,4.23,14,1,0
S00531,2026-03-21,Detroit-Atlanta,Dry van,718,27950,1,1359.6,426.19,447.53,86.98,32.76,0,1,0
S00532,2026-04-28,Detroit-Toronto,Dry van,236,25130,1,572.07,163.98,205.54,32.32,14.64,0,1,0
S00533,2026-05-07,Detroit-Nashville,Dry van,529,8885,1,940.65,341.5,371.8,86.99,18.52,81.92,1,0
S00534,2026-06-14,Detroit-Indianapolis,Dry van,325,20263,2,680.49,200.64,214.17,48.38,11.83,56.22,1,1
S00535,2026-07-21,Detroit-Chicago,Dry van,275,34890,1,568.09,184.43,220.37,43.55,4.91,0,1,0
S00536,2026-08-28,Detroit-Cleveland,Dry van,157,23785,1,363.57,115.76,166.17,28.06,9.9,0,1,0
S00537,2026-09-07,Detroit-Atlanta,Refrigerated,687,12715,1,1600.56,458.5,419.47,98.96,41.6,0,0,0
S00538,2026-10-14,Detroit-Toronto,Dry van,180,26368,1,462.96,124.19,181.0,34.79,8.3,0,1,0
S00539,2026-11-21,Detroit-Nashville,Dry van,498,28014,2,1083.89,345.36,341.22,65.15,26.77,14,1,0
S00540,2026-12-28,Detroit-Indianapolis,Dry van,314,11611,2,608.91,187.8,224.14,51.27,9.08,14,1,0
S00541,2026-01-07,Detroit-Chicago,Dry van,316,36191,1,739.57,211.94,220.0,54.49,20.42,32.24,1,1
S00542,2026-02-14,Detroit-Cleveland,Dry van,176,18272,1,371.08,115.86,167.93,33.36,5.82,0,1,0
S00543,2026-03-21,Detroit-Atlanta,Dry van,818,23146,1,1625.64,485.56,498.11,139.44,37.83,0,1,0
S00544,2026-04-28,Detroit-Toronto,Dry van,287,9984,1,668.5,212.3,247.79,46.73,13.89,0,1,0
S00545,2026-05-07,Detroit-Nashville,Dry van,483,7430,1,950.67,303.72,302.62,78.5,27.53,0,1,0
S00546,2026-06-14,Detroit-Indianapolis,Dry van,289,6870,2,595.43,193.72,217.64,41.12,12.48,82.99,1,0
S00547,2026-07-21,Detroit-Chicago,Dry van,311,3916,1,605.9,200.24,222.49,41.62,11.86,0,1,0
S00548,2026-08-28,Detroit-Cleveland,Dry van,165,31184,2,410.87,113.88,174.22,24.74,5.65,14,1,0
S00549,2026-09-07,Detroit-Atlanta,Dry van,711,30400,1,1459.6,468.16,437.68,95.02,31.17,0,1,0
S00550,2026-10-14,Detroit-Toronto,Refrigerated,228,21866,1,593.97,160.08,195.29,45.39,7.2,0,1,0
S00551,2026-11-21,Detroit-Nashville,Dry van,478,6894,2,982.13,314.11,337.33,84.19,13.71,14,1,0
S00552,2026-12-28,Detroit-Indianapolis,Dry van,312,28704,1,606.22,180.84,224.39,51.92,8.21,0,1,0
S00553,2026-01-07,Detroit-Chicago,Refrigerated,293,31943,2,804.99,186.86,220.99,45.43,16.36,14,1,0
S00554,2026-02-14,Detroit-Cleveland,Dry van,182,16853,1,415.56,126.66,185.59,28.82,12.45,0,1,0
S00555,2026-03-21,Detroit-Atlanta,Dry van,607,17293,1,1128.56,370.17,357.38,92.21,11.66,80.06,0,0
S00556,2026-04-28,Detroit-Toronto,Dry van,184,19689,1,435.43,135.56,191.47,25.08,7.0,0,1,0
S00557,2026-05-07,Detroit-Nashville,Dry van,608,32771,1,1354.66,380.88,416.65,79.31,40.25,0,1,0
S00558,2026-06-14,Detroit-Indianapolis,Dry van,271,11913,1,561.72,173.64,204.15,34.92,7.13,0,1,0
S00559,2026-07-21,Detroit-Chicago,Dry van,282,11282,3,650.02,191.45,215.51,47.43,8.08,28,1,0
S00560,2026-08-28,Detroit-Cleveland,Dry van,167,27056,2,442.41,123.39,161.08,24.19,7.87,99.52,1,1
S00561,2026-09-07,Detroit-Atlanta,Dry van,608,12673,1,1204.72,411.36,344.56,93.94,24.94,0,1,0
S00562,2026-10-14,Detroit-Toronto,Dry van,258,29083,1,576.38,188.91,213.71,45.94,18.15,0,1,0
S00563,2026-11-21,Detroit-Nashville,Refrigerated,473,26465,2,1090.27,332.27,310.77,79.29,19.41,14,1,0
S00564,2026-12-28,Detroit-Indianapolis,Refrigerated,243,36224,1,647.83,151.6,195.92,38.85,13.2,0,1,0
S00565,2026-01-07,Detroit-Chicago,Dry van,298,12515,1,652.92,185.41,235.92,41.31,13.32,0,1,0
S00566,2026-02-14,Detroit-Cleveland,Dry van,155,36878,1,359.43,99.17,163.39,27.7,4.14,0,1,0
S00567,2026-03-21,Detroit-Atlanta,Dry van,722,20699,1,1279.73,414.07,394.31,100.99,34.02,0,1,0
S00568,2026-04-28,Detroit-Toronto,Dry van,240,25663,1,556.4,168.82,200.78,32.42,6.75,0,1,0
S00569,2026-05-07,Detroit-Nashville,Refrigerated,556,30537,1,1402.06,384.71,380.38,90.66,16.45,0,1,0
S00570,2026-06-14,Detroit-Indianapolis,Dry van,321,4402,2,623.53,194.84,227.33,55.04,9.48,14,1,0
S00571,2026-07-21,Detroit-Chicago,Dry van,345,7657,1,647.7,234.57,239.9,55.14,9.04,0,1,0
S00572,2026-08-28,Detroit-Cleveland,Dry van,160,33015,2,393.69,106.14,161.74,30.49,6.11,85.12,1,0
S00573,2026-09-07,Detroit-Atlanta,Dry van,750,36328,1,1403.42,490.48,478.91,100.24,11.97,0,1,0
S00574,2026-10-14,Detroit-Toronto,Refrigerated,174,26256,1,471.6,115.39,167.3,32.23,11.93,0,1,0
S00575,2026-11-21,Detroit-Nashville,Dry van,602,11296,1,1205.87,392.07,402.75,89.8,23.09,0,1,0
S00576,2026-12-28,Detroit-Indianapolis,Dry van,288,28354,1,626.6,181.76,223.8,33.69,16.33,0,1,0
S00577,2026-01-07,Detroit-Chicago,Refrigerated,228,28513,1,577.55,158.27,190.08,32.23,3.54,0,1,0
S00578,2026-02-14,Detroit-Cleveland,Dry van,163,37424,1,356.54,113.4,172.76,30.31,11.1,0,1,0
S00579,2026-03-21,Detroit-Atlanta,Refrigerated,665,34957,1,1673.87,409.13,394.0,109.09,17.37,0,1,0
S00580,2026-04-28,Detroit-Toronto,Dry van,246,3130,2,592.82,188.6,223.18,47.83,8.94,14,1,0
S00581,2026-05-07,Detroit-Nashville,Refrigerated,518,28156,1,1272.31,354.68,361.14,75.59,32.31,0,1,0
S00582,2026-06-14,Detroit-Indianapolis,Dry van,325,22840,1,695.86,209.22,243.48,49.6,16.72,0,1,0
S00583,2026-07-21,Detroit-Chicago,Dry van,260,14791,2,622.73,159.54,190.67,44.66,9.96,14,1,0
S00584,2026-08-28,Detroit-Cleveland,Dry van,178,21984,1,386.43,131.6,169.52,27.78,9.87,0,1,0
S00585,2026-09-07,Detroit-Atlanta,Dry van,730,8160,1,1452.47,438.46,412.18,100.07,16.17,0,1,0
S00586,2026-10-14,Detroit-Toronto,Dry van,208,9217,1,483.57,135.0,202.34,31.01,9.54,0,1,0
S00587,2026-11-21,Detroit-Nashville,Refrigerated,473,27718,1,1141.85,340.59,311.1,75.6,13.84,0,1,0
S00588,2026-12-28,Detroit-Indianapolis,Dry van,252,16343,1,486.76,156.19,198.62,34.79,10.18,0,1,0
S00589,2026-01-07,Detroit-Chicago,Refrigerated,248,13861,1,552.85,159.58,200.47,30.01,7.61,0,1,0
S00590,2026-02-14,Detroit-Cleveland,Dry van,192,8453,1,381.65,135.39,180.44,30.97,4.51,0,1,0
S00591,2026-03-21,Detroit-Atlanta,Dry van,746,17822,1,1376.27,479.16,466.61,95.56,22.3,0,1,0
S00592,2026-04-28,Detroit-Toronto,Dry van,248,29389,1,554.89,171.36,220.35,49.5,17.49,0,1,0
S00593,2026-05-07,Detroit-Nashville,Dry van,540,34586,2,1061.02,366.49,345.67,76.92,22.86,14,1,0
S00594,2026-06-14,Detroit-Indianapolis,Refrigerated,286,11631,1,675.29,193.4,203.84,41.82,16.88,87.97,0,1
S00595,2026-07-21,Detroit-Chicago,Dry van,248,27634,2,575.75,151.7,193.23,34.54,13.85,14,1,0
S00596,2026-08-28,Detroit-Cleveland,Dry van,179,14474,1,400.03,129.66,176.19,32.1,11.37,0,1,0
S00597,2026-09-07,Detroit-Atlanta,Dry van,591,26442,1,1220.58,401.94,377.09,80.1,15.24,0,1,0
S00598,2026-10-14,Detroit-Toronto,Dry van,221,11401,1,509.43,154.98,196.45,34.93,15.9,0,1,0
S00599,2026-11-21,Detroit-Nashville,Dry van,509,24458,1,1084.83,338.09,350.31,65.05,10.62,0,1,0
S00600,2026-12-28,Detroit-Indianapolis,Dry van,272,35738,2,624.12,173.65,192.9,44.38,17.14,14,1,0
S00601,2026-01-07,Detroit-Chicago,Dry van,272,3380,1,553.42,180.12,208.37,37.42,5.95,0,1,0
S00602,2026-02-14,Detroit-Cleveland,Refrigerated,167,21034,2,461.42,117.93,174.39,29.02,6.97,14,1,0
S00603,2026-03-21,Detroit-Atlanta,Dry van,800,37101,1,1623.39,452.02,489.87,94.5,37.96,0,1,0
S00604,2026-04-28,Detroit-Toronto,Dry van,242,30223,1,603.23,185.64,209.24,39.07,14.89,0,1,0
S00605,2026-05-07,Detroit-Nashville,Refrigerated,412,6615,1,924.4,257.57,282.05,60.75,11.59,0,1,0
S00606,2026-06-14,Detroit-Indianapolis,Dry van,237,35234,1,516.2,152.39,186.69,38.34,6.42,0,1,0
S00607,2026-07-21,Detroit-Chicago,Dry van,279,19251,1,632.46,186.19,223.58,48.04,5.67,0,1,0
S00608,2026-08-28,Detroit-Cleveland,Refrigerated,161,37911,2,506.61,100.28,168.43,22.12,9.04,93.14,1,0
S00609,2026-09-07,Detroit-Atlanta,Dry van,639,7553,2,1135.7,366.06,407.21,86.18,18.65,14,1,0
S00610,2026-10-14,Detroit-Toronto,Refrigerated,226,11937,1,616.38,173.18,195.5,37.83,11.4,0,1,0
S00611,2026-11-21,Detroit-Nashville,Dry van,586,26940,2,1201.75,417.37,384.78,75.38,17.1,14,1,0
S00612,2026-12-28,Detroit-Indianapolis,Dry van,260,9937,1,513.53,160.69,207.4,30.49,14.99,0,1,0
S00613,2026-01-07,Detroit-Chicago,Dry van,326,6923,1,633.37,186.73,235.53,42.47,7.08,0,1,0
S00614,2026-02-14,Detroit-Cleveland,Refrigerated,150,19185,1,404.27,92.73,159.46,22.01,8.65,60.38,1,0
S00615,2026-03-21,Detroit-Atlanta,Dry van,762,17368,2,1565.32,517.57,467.46,121.68,47.65,48.23,1,1
S00616,2026-04-28,Detroit-Toronto,Refrigerated,267,6699,1,740.4,172.47,229.53,38.94,14.95,0,1,0
S00617,2026-05-07,Detroit-Nashville,Refrigerated,500,13185,1,1130.21,348.31,349.35,91.86,28.47,0,1,0
S00618,2026-06-14,Detroit-Indianapolis,Dry van,290,10212,2,566.37,192.1,213.05,35.46,6.67,14,1,0
S00619,2026-07-21,Detroit-Chicago,Dry van,274,9427,2,604.98,176.45,209.06,36.43,16.77,81.96,1,1
S00620,2026-08-28,Detroit-Cleveland,Dry van,141,33217,1,328.46,106.31,146.99,24.58,6.28,0,1,0
S00621,2026-09-07,Detroit-Atlanta,Dry van,800,25905,3,1632.46,518.94,498.7,109.54,13.47,28,0,0
S00622,2026-10-14,Detroit-Toronto,Dry van,244,7438,1,592.39,171.99,202.61,47.27,8.18,0,1,0
S00623,2026-11-21,Detroit-Nashville,Dry van,541,8249,2,1000.51,328.7,332.27,67.69,17.83,14,1,0
S00624,2026-12-28,Detroit-Indianapolis,Dry van,304,21344,1,644.3,199.92,218.92,39.67,10.17,0,1,0
S00625,2026-01-07,Detroit-Chicago,Dry van,248,24049,1,558.21,163.19,185.97,32.34,5.94,0,1,0
S00626,2026-02-14,Detroit-Cleveland,Dry van,166,12943,1,394.98,105.35,172.45,26.8,3.56,0,1,0
S00627,2026-03-21,Detroit-Atlanta,Dry van,723,22260,2,1488.99,407.15,412.25,91.39,30.79,14,1,0
S00628,2026-04-28,Detroit-Toronto,Dry van,219,36333,1,582.56,162.97,194.38,32.54,3.87,0,1,0
S00629,2026-05-07,Detroit-Nashville,Dry van,497,2783,1,832.06,304.73,321.68,76.46,28.38,0,1,0
S00630,2026-06-14,Detroit-Indianapolis,Dry van,252,12111,1,468.14,161.28,190.66,35.36,4.2,0,1,0
S00631,2026-07-21,Detroit-Chicago,Dry van,267,4880,1,506.01,163.33,217.82,42.81,4.44,0,1,0
S00632,2026-08-28,Detroit-Cleveland,Dry van,164,26486,1,405.22,109.59,164.47,21.3,8.82,0,1,0
S00633,2026-09-07,Detroit-Atlanta,Dry van,633,10073,1,1079.34,406.08,385.24,94.04,11.69,0,1,0
S00634,2026-10-14,Detroit-Toronto,Dry van,232,26421,1,576.7,148.47,205.23,42.74,6.51,0,1,0
S00635,2026-11-21,Detroit-Nashville,Dry van,564,20908,2,1159.18,332.61,377.68,100.16,25.65,14,1,0
S00636,2026-12-28,Detroit-Indianapolis,Dry van,284,28487,1,612.23,178.03,214.59,47.38,15.96,58.5,1,0
S00637,2026-01-07,Detroit-Chicago,Dry van,272,26928,1,591.25,177.41,198.31,44.99,13.26,0,1,0
S00638,2026-02-14,Detroit-Cleveland,Dry van,143,4814,2,308.98,88.42,150.37,23.88,2.6,14,1,0
S00639,2026-03-21,Detroit-Atlanta,Dry van,540,9065,1,1068.91,350.84,359.71,94.27,26.86,0,1,0
S00640,2026-04-28,Detroit-Toronto,Dry van,203,15244,2,494.89,145.4,199.95,36.82,14.04,106.01,0,1
S00641,2026-05-07,Detroit-Nashville,Dry van,546,17135,2,1071.76,371.4,335.15,73.48,31.41,14,1,0
S00642,2026-06-14,Detroit-Indianapolis,Dry van,282,17920,1,555.28,179.37,212.21,39.76,5.73,0,1,0
S00643,2026-07-21,Detroit-Chicago,Refrigerated,249,10138,1,609.42,165.27,193.58,40.61,4.49,0,0,0
S00644,2026-08-28,Detroit-Cleveland,Dry van,191,35806,1,452.22,132.04,174.75,34.57,7.99,0,1,0
S00645,2026-09-07,Detroit-Atlanta,Dry van,796,22249,1,1430.34,492.18,503.13,131.43,38.78,113.38,1,0
S00646,2026-10-14,Detroit-Toronto,Refrigerated,213,18894,1,564.66,137.57,207.2,39.77,10.87,0,1,0
S00647,2026-11-21,Detroit-Nashville,Dry van,476,29281,1,893.17,297.49,336.4,83.6,22.61,0,1,0
S00648,2026-12-28,Detroit-Indianapolis,Dry van,269,20197,1,534.3,180.06,198.63,32.77,16.25,0,1,0
S00649,2026-01-07,Detroit-Chicago,Dry van,281,30962,1,643.84,189.61,213.02,49.88,9.35,71.71,0,0
S00650,2026-02-14,Detroit-Cleveland,Dry van,139,16909,3,377.76,102.25,152.78,19.2,8.52,28,1,0
S00651,2026-03-21,Detroit-Atlanta,Refrigerated,595,20062,2,1368.2,338.41,388.1,84.64,31.19,14,0,0
S00652,2026-04-28,Detroit-Toronto,Refrigerated,262,26381,1,729.77,186.66,215.62,50.65,5.73,0,1,0
S00653,2026-05-07,Detroit-Nashville,Dry van,492,18947,2,1086.11,310.59,310.67,67.65,23.09,14,1,0
S00654,2026-06-14,Detroit-Indianapolis,Dry van,237,9871,2,524.18,136.11,187.76,27.6,12.73,14,1,0
S00655,2026-07-21,Detroit-Chicago,Refrigerated,272,27701,1,698.94,183.08,200.63,33.31,16.63,0,1,0
S00656,2026-08-28,Detroit-Cleveland,Dry van,139,23402,3,369.41,95.96,149.54,18.35,4.6,28,1,0
S00657,2026-09-07,Detroit-Atlanta,Refrigerated,797,21459,2,1823.72,537.47,490.41,105.84,12.21,14,1,0
S00658,2026-10-14,Detroit-Toronto,Refrigerated,236,5523,2,606.59,153.99,198.38,45.18,4.58,61.04,0,1
S00659,2026-11-21,Detroit-Nashville,Dry van,514,26652,1,1121.26,368.23,316.44,80.43,10.92,0,1,0
S00660,2026-12-28,Detroit-Indianapolis,Dry van,270,16938,2,603.17,176.42,193.15,37.87,6.86,14,1,0
S00661,2026-01-07,Detroit-Chicago,Dry van,319,10984,2,740.8,181.83,232.32,54.01,4.84,14,1,0
S00662,2026-02-14,Detroit-Cleveland,Dry van,154,17222,1,355.81,99.49,160.54,25.9,8.0,0,1,0
S00663,2026-03-21,Detroit-Atlanta,Dry van,837,31427,1,1698.36,518.12,498.16,129.08,53.13,0,1,0
S00664,2026-04-28,Detroit-Toronto,Dry van,275,17599,1,676.79,201.12,237.83,47.19,15.93,0,1,0
S00665,2026-05-07,Detroit-Nashville,Refrigerated,629,9690,3,1594.44,407.29,426.23,91.46,14.89,28,0,0
S00666,2026-06-14,Detroit-Indianapolis,Dry van,326,9030,1,608.72,189.65,237.87,46.59,10.47,0,1,0
S00667,2026-07-21,Detroit-Chicago,Dry van,240,21695,2,550.15,142.06,193.11,30.73,9.77,14,1,0
S00668,2026-08-28,Detroit-Cleveland,Dry van,179,27946,2,465.03,125.61,164.98,24.75,8.11,14,1,0
S00669,2026-09-07,Detroit-Atlanta,Refrigerated,877,19534,1,2024.79,551.18,538.87,129.81,51.22,0,1,0
S00670,2026-10-14,Detroit-Toronto,Dry van,244,13229,1,534.13,154.92,203.57,48.21,12.88,92.46,1,0
S00671,2026-11-21,Detroit-Nashville,Refrigerated,553,15272,1,1284.97,341.57,381.42,80.69,10.07,0,1,0
S00672,2026-12-28,Detroit-Indianapolis,Dry van,250,9351,1,471.54,168.58,195.39,35.83,12.83,82.65,1,0
S00673,2026-01-07,Detroit-Chicago,Dry van,240,20132,1,511.31,155.32,202.59,35.23,4.5,0,1,0
S00674,2026-02-14,Detroit-Cleveland,Dry van,151,8145,1,313.99,105.09,166.17,27.36,10.43,0,1,0
S00675,2026-03-21,Detroit-Atlanta,Dry van,713,19569,2,1446.56,477.5,418.76,85.28,32.35,14,1,0
S00676,2026-04-28,Detroit-Toronto,Dry van,254,28292,2,610.0,169.19,232.45,36.99,6.33,14,1,0
S00677,2026-05-07,Detroit-Nashville,Dry van,559,5166,1,1056.03,363.08,392.26,92.01,29.67,0,0,0
S00678,2026-06-14,Detroit-Indianapolis,Dry van,303,24284,1,649.12,179.67,207.64,36.21,12.67,47.46,0,1
S00679,2026-07-21,Detroit-Chicago,Dry van,271,14147,1,605.88,175.09,206.34,47.08,14.78,0,1,0
S00680,2026-08-28,Detroit-Cleveland,Dry van,171,9372,2,435.22,123.6,163.07,24.59,3.51,14,1,0
S00681,2026-09-07,Detroit-Atlanta,Refrigerated,823,17822,1,1755.17,471.72,483.6,117.7,21.04,0,1,0
S00682,2026-10-14,Detroit-Toronto,Dry van,233,26019,1,557.18,173.0,197.34,35.04,12.17,29.31,1,1
S00683,2026-11-21,Detroit-Nashville,Refrigerated,477,35041,2,1103.21,307.87,313.23,71.59,13.61,14,1,0
S00684,2026-12-28,Detroit-Indianapolis,Dry van,345,2171,1,576.52,216.64,233.86,56.07,7.43,0,1,0
S00685,2026-01-07,Detroit-Chicago,Dry van,283,23228,1,619.38,161.84,228.08,37.45,5.09,0,1,0
S00686,2026-02-14,Detroit-Cleveland,Dry van,188,11299,1,413.82,122.12,174.74,33.39,5.92,0,1,0
S00687,2026-03-21,Detroit-Atlanta,Dry van,688,19328,1,1279.16,406.17,423.8,109.25,15.26,0,1,0
S00688,2026-04-28,Detroit-Toronto,Dry van,266,25916,1,687.31,200.08,242.75,47.32,5.45,0,1,0
S00689,2026-05-07,Detroit-Nashville,Dry van,519,17294,3,1043.92,364.83,333.4,83.83,12.18,141.16,1,0
S00690,2026-06-14,Detroit-Indianapolis,Dry van,270,28445,2,582.77,173.33,207.7,45.65,7.3,14,1,0
S00691,2026-07-21,Detroit-Chicago,Dry van,306,12895,1,645.94,213.59,238.54,44.88,10.71,63.58,1,0
S00692,2026-08-28,Detroit-Cleveland,Dry van,153,22857,1,358.46,114.64,167.37,26.47,2.79,0,1,0
S00693,2026-09-07,Detroit-Atlanta,Dry van,752,5173,3,1541.82,446.97,410.4,107.86,14.61,28,1,0
S00694,2026-10-14,Detroit-Toronto,Dry van,230,8640,1,548.47,149.57,209.66,34.35,7.79,0,1,0
S00695,2026-11-21,Detroit-Nashville,Dry van,529,5080,1,979.89,326.55,367.75,90.76,9.6,0,1,0
S00696,2026-12-28,Detroit-Indianapolis,Dry van,295,19003,2,627.07,171.99,206.36,44.73,8.64,98.59,1,1
S00697,2026-01-07,Detroit-Chicago,Dry van,275,6161,1,523.76,187.39,200.47,35.77,10.86,0,1,0
S00698,2026-02-14,Detroit-Cleveland,Dry van,154,25320,3,405.22,107.66,152.97,21.06,8.34,28,1,0
S00699,2026-03-21,Detroit-Atlanta,Dry van,726,26983,3,1502.52,450.06,426.51,106.43,18.07,28,1,0
S00700,2026-04-28,Detroit-Toronto,Dry van,232,32187,1,607.74,171.25,209.95,35.15,13.83,0,1,0
S00701,2026-05-07,Detroit-Nashville,Dry van,497,1810,2,905.0,336.74,338.48,63.32,32.97,14,1,0
S00702,2026-06-14,Detroit-Indianapolis,Dry van,283,29101,2,578.62,174.2,221.0,48.0,17.52,41.04,1,1
S00703,2026-07-21,Detroit-Chicago,Dry van,313,14634,1,687.16,211.41,242.71,54.48,17.63,0,1,0
S00704,2026-08-28,Detroit-Cleveland,Dry van,188,13708,1,445.44,124.95,188.4,30.63,4.29,0,1,0
S00705,2026-09-07,Detroit-Atlanta,Dry van,823,22335,2,1580.58,481.33,492.4,130.5,28.58,14,1,0
S00706,2026-10-14,Detroit-Toronto,Refrigerated,255,17511,2,734.09,163.49,214.43,34.42,11.57,14,1,0
S00707,2026-11-21,Detroit-Nashville,Dry van,618,31201,1,1364.92,383.35,406.52,89.03,37.99,0,1,0
S00708,2026-12-28,Detroit-Indianapolis,Dry van,408,4353,2,869.18,233.3,257.6,58.01,17.26,14,0,0
S00709,2026-01-07,Detroit-Chicago,Dry van,305,27608,1,683.33,185.48,217.78,52.12,8.62,0,1,0
S00710,2026-02-14,Detroit-Cleveland,Dry van,169,27772,1,368.26,116.1,171.32,29.01,6.85,103.96,1,0
S00711,2026-03-21,Detroit-Atlanta,Dry van,578,8576,1,1053.34,391.73,363.81,99.43,34.74,0,1,0
S00712,2026-04-28,Detroit-Toronto,Refrigerated,208,36958,1,560.55,155.24,204.64,39.6,12.62,0,1,0
S00713,2026-05-07,Detroit-Nashville,Dry van,579,33928,2,1211.12,347.75,354.9,94.76,26.64,14,1,0
S00714,2026-06-14,Detroit-Indianapolis,Dry van,257,11196,2,536.13,165.66,188.87,41.49,7.16,14,1,0
S00715,2026-07-21,Detroit-Chicago,Dry van,260,11722,1,523.2,168.09,209.07,43.28,7.54,0,0,0
S00716,2026-08-28,Detroit-Cleveland,Dry van,180,30034,1,432.97,120.71,166.26,24.43,6.66,0,1,0
S00717,2026-09-07,Detroit-Atlanta,Dry van,708,5024,2,1196.97,462.05,412.85,104.06,26.2,14,1,0
S00718,2026-10-14,Detroit-Toronto,Dry van,255,8239,1,606.02,197.19,220.3,42.3,5.11,0,1,0
S00719,2026-11-21,Detroit-Nashville,Dry van,598,7851,2,1178.17,393.47,415.34,103.48,34.25,14,1,0
S00720,2026-12-28,Detroit-Indianapolis,Refrigerated,291,18835,1,686.18,194.83,218.35,42.55,15.34,0,1,0
S00721,2026-01-07,Detroit-Chicago,Dry van,233,22604,1,496.63,155.06,189.19,35.56,12.21,0,1,0
S00722,2026-02-14,Detroit-Cleveland,Dry van,145,32384,2,390.37,92.23,161.94,27.59,9.41,122.41,1,0
S00723,2026-03-21,Detroit-Atlanta,Dry van,654,27615,1,1303.79,447.72,421.75,81.5,34.82,0,1,0
S00724,2026-04-28,Detroit-Toronto,Dry van,228,37674,1,528.71,160.24,212.91,35.05,14.68,0,1,0
S00725,2026-05-07,Detroit-Nashville,Refrigerated,514,22660,1,1249.77,310.51,325.23,80.06,25.32,0,1,0
S00726,2026-06-14,Detroit-Indianapolis,Dry van,343,2441,1,600.5,217.12,253.52,46.43,20.41,0,1,0
S00727,2026-07-21,Detroit-Chicago,Refrigerated,281,9068,1,619.52,171.03,219.35,36.23,10.03,0,1,0
S00728,2026-08-28,Detroit-Cleveland,Refrigerated,174,26857,1,454.58,131.12,180.49,27.67,4.26,0,1,0
S00729,2026-09-07,Detroit-Atlanta,Dry van,624,13189,1,1119.49,405.23,361.78,89.92,35.89,0,1,0
S00730,2026-10-14,Detroit-Toronto,Dry van,245,14764,1,613.77,178.48,213.75,43.4,16.05,0,1,0
S00731,2026-11-21,Detroit-Nashville,Dry van,490,31937,1,1083.87,313.32,314.5,81.54,19.2,0,1,0
S00732,2026-12-28,Detroit-Indianapolis,Dry van,300,28684,1,598.74,176.52,208.98,46.77,7.07,0,1,0
S00733,2026-01-07,Detroit-Chicago,Dry van,246,7665,2,528.72,146.75,190.55,38.72,8.37,14,1,0
S00734,2026-02-14,Detroit-Cleveland,Dry van,153,34909,1,341.0,115.29,162.09,21.07,7.65,0,1,0
S00735,2026-03-21,Detroit-Atlanta,Dry van,623,28404,1,1167.7,356.68,396.67,99.17,21.26,0,0,0
S00736,2026-04-28,Detroit-Toronto,Dry van,265,37078,3,716.99,189.69,230.97,52.68,10.19,28,1,0
S00737,2026-05-07,Detroit-Nashville,Dry van,587,20391,1,1148.77,361.55,370.72,84.81,20.42,0,1,0
S00738,2026-06-14,Detroit-Indianapolis,Dry van,329,26072,2,730.79,195.45,215.95,40.31,7.49,14,1,0
S00739,2026-07-21,Detroit-Chicago,Dry van,230,34518,1,465.31,135.73,196.29,39.02,14.2,0,1,0
S00740,2026-08-28,Detroit-Cleveland,Dry van,177,4549,1,348.03,131.53,181.95,32.83,7.13,0,1,0
S00741,2026-09-07,Detroit-Atlanta,Refrigerated,717,7228,2,1477.08,436.99,409.37,111.05,45.28,14,1,0
S00742,2026-10-14,Detroit-Toronto,Refrigerated,242,31413,1,653.98,160.08,214.19,34.69,8.81,0,1,0
S00743,2026-11-21,Detroit-Nashville,Dry van,418,16334,3,883.11,286.62,310.05,65.33,19.43,28,1,0
S00744,2026-12-28,Detroit-Indianapolis,Refrigerated,272,5096,2,607.38,166.21,205.84,38.78,13.91,83.24,1,1
S00745,2026-01-07,Detroit-Chicago,Dry van,287,7601,2,563.07,182.1,225.46,46.21,11.18,14,1,0
S00746,2026-02-14,Detroit-Cleveland,Dry van,158,8074,1,331.6,101.31,169.77,26.65,4.63,78.06,1,1
S00747,2026-03-21,Detroit-Atlanta,Refrigerated,754,21502,3,1887.0,478.68,455.06,89.82,21.5,28,1,0
S00748,2026-04-28,Detroit-Toronto,Dry van,250,36271,2,623.29,166.06,223.74,49.33,17.7,14,1,0
S00749,2026-05-07,Detroit-Nashville,Refrigerated,447,24063,1,1019.59,263.47,294.43,61.0,23.88,0,1,0
S00750,2026-06-14,Detroit-Indianapolis,Dry van,312,10557,1,589.67,203.35,208.01,36.75,12.78,0,1,0
S00751,2026-07-21,Detroit-Chicago,Dry van,290,25450,1,572.04,197.62,221.1,47.19,14.3,0,1,0
S00752,2026-08-28,Detroit-Cleveland,Dry van,167,7674,2,376.74,119.8,176.31,27.1,9.72,14,1,0
S00753,2026-09-07,Detroit-Atlanta,Dry van,668,27646,1,1204.95,426.39,420.71,116.06,16.21,0,1,0
S00754,2026-10-14,Detroit-Toronto,Dry van,236,22232,2,566.29,166.44,202.99,33.4,7.93,14,1,0
S00755,2026-11-21,Detroit-Nashville,Refrigerated,544,33453,1,1322.55,370.58,339.95,86.85,27.48,0,1,0
S00756,2026-12-28,Detroit-Indianapolis,Dry van,285,2191,1,498.54,185.9,199.85,33.51,14.9,0,1,0
S00757,2026-01-07,Detroit-Chicago,Dry van,290,17481,2,638.96,190.57,203.63,47.53,9.9,14,1,0
S00758,2026-02-14,Detroit-Cleveland,Dry van,173,34218,2,462.25,114.89,164.47,33.45,5.18,14,1,0
S00759,2026-03-21,Detroit-Atlanta,Dry van,618,2939,1,1084.54,357.13,385.04,100.73,37.15,0,1,0
S00760,2026-04-28,Detroit-Toronto,Dry van,248,36131,2,624.45,187.27,224.57,38.51,10.1,14,1,0
S00761,2026-05-07,Detroit-Nashville,Dry van,486,17609,1,890.29,304.81,303.41,73.56,30.75,0,1,0
S00762,2026-06-14,Detroit-Indianapolis,Dry van,257,35178,1,523.19,147.99,206.67,37.75,15.59,0,1,0
S00763,2026-07-21,Detroit-Chicago,Refrigerated,247,20875,1,622.1,169.54,198.73,34.46,9.51,0,1,0
S00764,2026-08-28,Detroit-Cleveland,Dry van,165,17344,1,373.79,107.09,163.93,30.82,4.8,0,0,0
S00765,2026-09-07,Detroit-Atlanta,Dry van,687,29845,1,1357.29,425.69,383.64,115.31,26.15,61.9,1,0
S00766,2026-10-14,Detroit-Toronto,Refrigerated,271,11350,1,786.71,203.89,220.13,49.67,8.55,0,0,0
S00767,2026-11-21,Detroit-Nashville,Dry van,552,33129,3,1128.59,391.75,388.04,72.95,27.65,28,1,0
S00768,2026-12-28,Detroit-Indianapolis,Dry van,321,27266,2,683.18,213.17,212.03,45.28,19.49,14,1,0
S00769,2026-01-07,Detroit-Chicago,Dry van,252,17317,2,546.9,146.83,193.05,40.65,7.97,80.5,1,0
S00770,2026-02-14,Detroit-Cleveland,Dry van,160,7001,3,443.48,99.61,162.51,30.29,7.8,28,1,0
S00771,2026-03-21,Detroit-Atlanta,Refrigerated,664,9464,1,1365.45,398.17,380.06,86.53,14.96,0,0,0
S00772,2026-04-28,Detroit-Toronto,Refrigerated,233,32945,1,636.35,156.77,197.15,44.93,9.5,0,1,0
S00773,2026-05-07,Detroit-Nashville,Refrigerated,514,15008,2,1248.58,315.68,339.99,90.86,25.4,14,1,0
S00774,2026-06-14,Detroit-Indianapolis,Dry van,295,36864,1,649.43,183.03,217.62,36.23,11.58,0,1,0
S00775,2026-07-21,Detroit-Chicago,Dry van,302,4869,2,609.91,206.27,230.08,52.35,11.05,14,0,0
S00776,2026-08-28,Detroit-Cleveland,Dry van,172,36357,1,395.31,116.44,164.96,28.62,10.6,110.7,1,0
S00777,2026-09-07,Detroit-Atlanta,Dry van,819,3076,2,1513.61,468.8,503.61,116.56,14.56,92.72,1,0
S00778,2026-10-14,Detroit-Toronto,Dry van,210,14797,1,517.64,145.27,206.48,32.89,7.57,50.11,1,0
S00779,2026-11-21,Detroit-Nashville,Dry van,577,30427,3,1167.98,378.35,397.74,71.9,26.6,28,0,0
S00780,2026-12-28,Detroit-Indianapolis,Dry van,302,4401,1,532.93,204.14,227.88,35.31,13.06,75.55,1,0
S00781,2026-01-07,Detroit-Chicago,Dry van,297,30811,1,679.55,181.37,230.39,39.86,8.77,0,1,0
S00782,2026-02-14,Detroit-Cleveland,Dry van,155,34716,1,381.26,104.92,164.12,22.35,8.28,0,1,0
S00783,2026-03-21,Detroit-Atlanta,Refrigerated,865,19291,3,1886.98,567.7,467.14,107.92,38.49,28,1,0
S00784,2026-04-28,Detroit-Toronto,Dry van,228,30989,2,570.26,146.0,194.66,42.52,14.53,14,1,0
S00785,2026-05-07,Detroit-Nashville,Dry van,529,18997,2,1115.0,352.7,375.2,82.96,26.11,87.45,1,0
S00786,2026-06-14,Detroit-Indianapolis,Refrigerated,271,8405,1,568.79,179.31,196.38,39.3,12.4,0,1,0
S00787,2026-07-21,Detroit-Chicago,Dry van,283,28443,1,647.1,186.4,212.4,45.61,10.54,0,1,0
S00788,2026-08-28,Detroit-Cleveland,Refrigerated,198,28179,2,583.61,125.86,193.44,35.05,11.44,14,1,0
S00789,2026-09-07,Detroit-Atlanta,Dry van,651,26882,3,1361.39,402.51,414.09,88.15,10.93,28,1,0
S00790,2026-10-14,Detroit-Toronto,Dry van,248,22261,1,569.61,183.09,214.43,42.91,8.13,0,1,0
S00791,2026-11-21,Detroit-Nashville,Dry van,671,27971,1,1344.88,481.4,457.54,101.63,43.34,0,1,0
S00792,2026-12-28,Detroit-Indianapolis,Dry van,277,19361,1,564.9,183.68,191.54,42.64,12.49,0,1,0
S00793,2026-01-07,Detroit-Chicago,Dry van,285,2161,2,559.59,191.91,217.95,36.68,8.8,14,1,0
S00794,2026-02-14,Detroit-Cleveland,Dry van,176,6475,2,424.07,132.49,165.99,29.25,8.12,14,1,0
S00795,2026-03-21,Detroit-Atlanta,Dry van,625,32623,1,1217.55,410.24,396.24,93.05,14.4,0,1,0
S00796,2026-04-28,Detroit-Toronto,Dry van,226,12864,1,566.75,158.34,218.1,35.02,6.21,122.55,1,1
S00797,2026-05-07,Detroit-Nashville,Dry van,539,31695,1,1026.13,330.71,374.94,68.29,28.27,56.34,1,1
S00798,2026-06-14,Detroit-Indianapolis,Dry van,258,7234,3,570.56,152.14,186.99,35.39,12.97,28,1,0
S00799,2026-07-21,Detroit-Chicago,Refrigerated,223,25767,2,561.94,147.02,174.12,30.48,7.74,14,0,0
S00800,2026-08-28,Detroit-Cleveland,Dry van,149,22526,2,399.1,100.01,161.05,23.96,3.39,14,1,0
S00801,2026-09-07,Detroit-Atlanta,Dry van,713,36558,2,1359.76,404.53,423.59,110.83,34.46,14,1,0
S00802,2026-10-14,Detroit-Toronto,Dry van,199,15566,1,475.03,139.88,188.01,28.41,12.32,0,1,0
S00803,2026-11-21,Detroit-Nashville,Dry van,499,6448,1,977.22,328.72,327.93,71.34,16.41,0,1,0
S00804,2026-12-28,Detroit-Indianapolis,Dry van,286,32888,1,589.18,180.82,220.12,33.5,13.86,0,1,0
S00805,2026-01-07,Detroit-Chicago,Dry van,265,38256,2,611.34,170.21,216.35,33.26,8.7,114.14,1,0
S00806,2026-02-14,Detroit-Cleveland,Refrigerated,176,35222,1,483.04,118.29,164.21,32.33,11.03,0,1,0
S00807,2026-03-21,Detroit-Atlanta,Dry van,705,23793,1,1273.03,474.77,400.97,105.04,31.59,76.4,1,0
S00808,2026-04-28,Detroit-Toronto,Refrigerated,230,26649,1,686.19,162.68,217.75,33.15,14.98,78.54,1,0
S00809,2026-05-07,Detroit-Nashville,Dry van,558,5588,1,980.06,392.62,393.82,72.48,25.27,30.59,1,1
S00810,2026-06-14,Detroit-Indianapolis,Dry van,284,14603,1,530.35,160.51,216.85,41.65,8.78,0,1,0
S00811,2026-07-21,Detroit-Chicago,Refrigerated,280,15533,1,654.6,160.95,209.66,44.87,15.58,0,1,0
S00812,2026-08-28,Detroit-Cleveland,Dry van,168,9755,1,346.09,107.95,170.38,28.39,6.82,0,1,0
S00813,2026-09-07,Detroit-Atlanta,Dry van,867,12465,3,1586.89,571.98,470.49,127.17,53.48,28,1,0
S00814,2026-10-14,Detroit-Toronto,Dry van,210,2335,1,450.52,159.35,190.48,28.78,8.13,0,1,0
S00815,2026-11-21,Detroit-Nashville,Dry van,580,10459,1,1102.86,392.35,367.03,91.65,19.54,0,1,0
S00816,2026-12-28,Detroit-Indianapolis,Refrigerated,271,14685,1,665.85,180.43,214.09,39.02,12.69,77.67,0,1
S00817,2026-01-07,Detroit-Chicago,Dry van,275,35014,2,598.95,164.93,218.56,33.31,10.31,14,1,0
S00818,2026-02-14,Detroit-Cleveland,Dry van,154,24386,1,367.54,100.83,154.82,21.73,4.02,0,1,0
S00819,2026-03-21,Detroit-Atlanta,Dry van,745,10047,1,1392.74,448.76,461.72,95.95,17.71,0,1,0
S00820,2026-04-28,Detroit-Toronto,Dry van,243,14922,1,542.98,164.44,208.71,37.69,6.36,0,1,0
S00821,2026-05-07,Detroit-Nashville,Dry van,609,13164,1,1277.27,372.6,390.34,104.81,16.76,0,1,0
S00822,2026-06-14,Detroit-Indianapolis,Dry van,297,32946,1,593.06,191.36,216.49,46.37,14.72,0,1,0
S00823,2026-07-21,Detroit-Chicago,Dry van,258,24726,2,611.85,174.86,193.71,42.53,4.68,80.31,1,1
S00824,2026-08-28,Detroit-Cleveland,Dry van,161,24919,1,354.83,110.44,160.86,30.72,8.27,0,1,0
S00825,2026-09-07,Detroit-Atlanta,Dry van,648,25608,1,1262.92,394.35,407.26,85.45,12.3,99.44,1,0
S00826,2026-10-14,Detroit-Toronto,Dry van,218,5463,1,475.08,149.41,206.15,33.5,11.34,69.74,1,0
S00827,2026-11-21,Detroit-Nashville,Dry van,571,31937,2,1243.04,352.01,385.56,105.24,16.29,65.67,1,0
S00828,2026-12-28,Detroit-Indianapolis,Dry van,279,6986,1,498.11,176.32,217.66,32.67,5.49,0,1,0
S00829,2026-01-07,Detroit-Chicago,Refrigerated,263,33778,1,626.29,181.97,203.63,44.59,7.75,131.96,0,1
S00830,2026-02-14,Detroit-Cleveland,Dry van,164,22002,1,380.66,123.57,169.94,28.25,5.22,0,0,0
S00831,2026-03-21,Detroit-Atlanta,Dry van,751,16630,1,1521.69,508.19,427.47,89.51,19.73,0,1,0
S00832,2026-04-28,Detroit-Toronto,Dry van,260,31517,1,590.73,173.81,229.24,37.38,17.83,0,1,0
S00833,2026-05-07,Detroit-Nashville,Dry van,513,15410,1,982.38,348.76,350.35,77.76,21.78,0,1,0
S00834,2026-06-14,Detroit-Indianapolis,Dry van,266,2034,1,458.94,177.49,198.74,33.11,15.48,0,1,0
S00835,2026-07-21,Detroit-Chicago,Dry van,258,33372,1,531.28,167.54,189.88,38.41,5.96,101.7,1,0
S00836,2026-08-28,Detroit-Cleveland,Refrigerated,177,27507,1,451.44,116.21,169.51,33.59,10.29,0,1,0
S00837,2026-09-07,Detroit-Atlanta,Dry van,636,23717,1,1212.41,426.83,400.88,100.89,10.08,0,1,0
S00838,2026-10-14,Detroit-Toronto,Dry van,186,26616,1,453.83,124.96,176.3,25.46,6.03,0,1,0
S00839,2026-11-21,Detroit-Nashville,Dry van,378,38216,1,816.62,228.1,254.54,53.32,16.47,0,1,0
S00840,2026-12-28,Detroit-Indianapolis,Refrigerated,274,15137,3,700.97,167.96,200.0,35.13,4.68,28,1,0
S00841,2026-01-07,Detroit-Chicago,Dry van,249,26159,1,528.39,143.33,200.12,37.35,13.6,0,1,0
S00842,2026-02-14,Detroit-Cleveland,Dry van,157,11669,1,341.09,103.01,164.82,25.43,3.98,0,1,0
S00843,2026-03-21,Detroit-Atlanta,Dry van,713,29867,1,1525.67,444.79,415.8,120.62,17.08,0,1,0
S00844,2026-04-28,Detroit-Toronto,Dry van,243,27084,2,589.61,157.62,224.97,42.24,14.09,14,1,0
S00845,2026-05-07,Detroit-Nashville,Dry van,474,3017,2,877.89,281.06,323.89,79.4,9.78,101.11,1,1
S00846,2026-06-14,Detroit-Indianapolis,Refrigerated,305,11122,1,666.85,180.96,208.77,50.24,10.17,0,1,0
S00847,2026-07-21,Detroit-Chicago,Dry van,276,14195,2,588.26,186.51,199.78,48.53,6.66,14,1,0
S00848,2026-08-28,Detroit-Cleveland,Dry van,157,27719,3,445.42,115.3,160.22,29.33,7.97,28,1,0
S00849,2026-09-07,Detroit-Atlanta,Dry van,674,30167,3,1435.28,417.42,423.8,100.65,14.33,28,1,0
S00850,2026-10-14,Detroit-Toronto,Dry van,261,11060,1,631.39,183.01,219.37,51.16,10.79,0,1,0
S00851,2026-11-21,Detroit-Nashville,Dry van,585,2079,2,1139.09,350.07,377.12,95.94,25.75,14,1,0
S00852,2026-12-28,Detroit-Indianapolis,Refrigerated,332,22542,1,800.93,207.93,216.99,45.75,12.73,0,1,0
S00853,2026-01-07,Detroit-Chicago,Refrigerated,279,30958,3,777.84,178.15,217.86,47.06,7.29,28,1,0
S00854,2026-02-14,Detroit-Cleveland,Dry van,201,32927,3,531.77,134.65,192.92,32.27,11.64,28,1,0
S00855,2026-03-21,Detroit-Atlanta,Refrigerated,787,5898,3,1873.32,441.05,428.67,111.22,47.86,28,1,0
S00856,2026-04-28,Detroit-Toronto,Dry van,239,3453,1,489.77,163.08,203.36,46.65,15.54,0,1,0
S00857,2026-05-07,Detroit-Nashville,Dry van,636,30410,1,1389.71,378.16,387.44,111.6,41.2,0,0,0
S00858,2026-06-14,Detroit-Indianapolis,Refrigerated,333,7992,2,735.18,205.61,217.79,43.42,8.13,14,1,0
S00859,2026-07-21,Detroit-Chicago,Dry van,309,33510,2,764.7,190.94,237.42,50.6,16.82,14,1,0
S00860,2026-08-28,Detroit-Cleveland,Dry van,164,26722,1,357.7,114.26,170.16,23.04,11.5,0,0,0
S00861,2026-09-07,Detroit-Atlanta,Dry van,751,30108,1,1471.87,445.82,415.0,103.9,38.54,0,1,0
S00862,2026-10-14,Detroit-Toronto,Dry van,204,25132,1,498.72,142.35,183.05,35.16,8.98,0,1,0
S00863,2026-11-21,Detroit-Nashville,Dry van,626,4579,1,1228.45,445.23,407.03,115.08,32.01,25.06,0,1
S00864,2026-12-28,Detroit-Indianapolis,Dry van,322,11450,1,651.54,188.84,237.38,50.21,15.34,0,1,0
S00865,2026-01-07,Detroit-Chicago,Refrigerated,279,30873,1,742.51,161.55,205.64,50.18,17.83,0,1,0
S00866,2026-02-14,Detroit-Cleveland,Dry van,191,13820,1,433.8,126.1,171.45,32.66,8.86,0,1,0
S00867,2026-03-21,Detroit-Atlanta,Dry van,698,22045,2,1329.19,420.43,389.4,106.57,29.58,14,1,0
S00868,2026-04-28,Detroit-Toronto,Dry van,250,16905,1,559.63,181.94,215.55,41.0,12.67,0,1,0
S00869,2026-05-07,Detroit-Nashville,Dry van,460,9390,3,1014.27,313.42,335.41,72.53,13.81,28,1,0
S00870,2026-06-14,Detroit-Indianapolis,Dry van,283,21762,1,624.69,159.72,211.62,40.23,4.19,0,1,0
S00871,2026-07-21,Detroit-Chicago,Refrigerated,218,24963,1,508.39,126.3,179.98,32.05,7.9,0,1,0
S00872,2026-08-28,Detroit-Cleveland,Dry van,159,33867,1,397.89,106.15,164.2,28.97,6.66,0,1,0
S00873,2026-09-07,Detroit-Atlanta,Dry van,634,22706,2,1230.61,426.84,360.87,93.57,37.87,14,1,0
S00874,2026-10-14,Detroit-Toronto,Dry van,258,31191,1,657.77,195.71,235.65,44.37,12.87,0,1,0
S00875,2026-11-21,Detroit-Nashville,Dry van,487,16772,2,954.71,294.1,314.8,79.25,22.43,14,1,0
S00876,2026-12-28,Detroit-Indianapolis,Refrigerated,275,9504,2,626.21,185.46,216.72,45.78,15.53,14,1,0
S00877,2026-01-07,Detroit-Chicago,Dry van,287,23448,1,570.78,164.02,230.14,38.9,10.64,0,0,0
S00878,2026-02-14,Detroit-Cleveland,Dry van,183,13412,1,370.2,129.95,185.13,30.79,5.11,0,1,0
S00879,2026-03-21,Detroit-Atlanta,Dry van,778,32591,2,1478.02,493.47,470.51,132.16,31.51,14,1,0
S00880,2026-04-28,Detroit-Toronto,Dry van,265,18058,1,644.17,175.89,234.22,36.92,5.93,0,1,0
S00881,2026-05-07,Detroit-Nashville,Dry van,578,19094,1,1067.46,351.21,386.55,74.92,31.6,0,1,0
S00882,2026-06-14,Detroit-Indianapolis,Dry van,286,27460,1,635.68,171.63,201.91,43.33,14.87,0,1,0
S00883,2026-07-21,Detroit-Chicago,Dry van,276,38182,1,573.29,173.89,206.29,40.17,11.1,67.21,1,0
S00884,2026-08-28,Detroit-Cleveland,Refrigerated,165,5748,3,482.86,119.88,159.92,24.22,9.9,28,0,0
S00885,2026-09-07,Detroit-Atlanta,Dry van,558,22304,1,1106.66,315.02,337.95,67.16,33.86,0,1,0
S00886,2026-10-14,Detroit-Toronto,Dry van,225,12439,1,556.83,154.13,216.02,42.97,4.57,0,1,0
S00887,2026-11-21,Detroit-Nashville,Dry van,635,4257,1,1232.09,448.99,398.91,93.61,22.12,0,0,0
S00888,2026-12-28,Detroit-Indianapolis,Dry van,252,27770,1,530.31,145.48,187.26,29.87,14.77,0,1,0
S00889,2026-01-07,Detroit-Chicago,Dry van,308,30790,1,650.71,201.34,227.77,40.44,11.43,0,1,0
S00890,2026-02-14,Detroit-Cleveland,Dry van,155,21187,2,412.44,104.23,155.56,21.29,5.75,14,0,0
S00891,2026-03-21,Detroit-Atlanta,Dry van,735,19452,1,1484.41,447.78,424.82,102.42,34.16,0,1,0
S00892,2026-04-28,Detroit-Toronto,Dry van,267,24760,3,680.62,197.86,219.86,42.86,8.17,28,0,0
S00893,2026-05-07,Detroit-Nashville,Dry van,541,21066,1,1118.32,321.33,337.06,69.47,20.61,108.92,1,0
S00894,2026-06-14,Detroit-Indianapolis,Dry van,295,20648,1,609.36,188.51,214.06,42.64,15.76,0,1,0
S00895,2026-07-21,Detroit-Chicago,Dry van,245,34489,2,553.07,144.02,204.41,41.86,3.96,14,1,0
S00896,2026-08-28,Detroit-Cleveland,Dry van,162,15488,2,412.53,100.08,158.24,23.15,4.55,14,1,0
S00897,2026-09-07,Detroit-Atlanta,Refrigerated,748,23391,2,1848.61,435.45,469.29,90.09,26.72,14,1,0
S00898,2026-10-14,Detroit-Toronto,Dry van,249,26236,1,630.99,166.47,212.33,34.35,12.62,0,1,0
S00899,2026-11-21,Detroit-Nashville,Dry van,516,35427,2,1197.19,354.21,366.93,73.55,16.75,14,1,0
S00900,2026-12-28,Detroit-Indianapolis,Refrigerated,254,14335,1,599.08,155.15,193.98,38.32,11.55,0,1,0
S00901,2026-01-07,Detroit-Chicago,Dry van,265,24579,2,642.88,165.39,198.32,43.69,12.4,14,1,0
S00902,2026-02-14,Detroit-Cleveland,Dry van,185,4613,2,416.96,136.22,167.98,31.37,12.25,14,1,0
S00903,2026-03-21,Detroit-Atlanta,Dry van,765,14818,1,1492.22,449.3,417.76,94.22,14.62,0,1,0
S00904,2026-04-28,Detroit-Toronto,Dry van,249,37162,3,720.25,163.29,205.35,40.18,14.18,28,1,0
S00905,2026-05-07,Detroit-Nashville,Refrigerated,586,34788,2,1511.71,356.98,371.12,95.82,27.18,14,1,0
S00906,2026-06-14,Detroit-Indianapolis,Dry van,257,29296,2,534.81,173.03,195.77,29.99,10.5,128.72,1,1
S00907,2026-07-21,Detroit-Chicago,Refrigerated,263,17200,1,682.22,158.06,212.35,36.65,10.43,0,1,0
S00908,2026-08-28,Detroit-Cleveland,Dry van,144,26054,3,378.47,100.49,158.99,22.16,3.98,133.08,1,0
S00909,2026-09-07,Detroit-Atlanta,Dry van,815,32071,1,1704.53,484.96,503.27,116.31,20.58,0,1,0
S00910,2026-10-14,Detroit-Toronto,Refrigerated,189,2323,1,500.03,122.7,189.4,34.78,6.24,0,1,0
S00911,2026-11-21,Detroit-Nashville,Dry van,504,36345,1,1044.73,362.82,326.1,71.29,30.71,0,0,0
S00912,2026-12-28,Detroit-Indianapolis,Dry van,243,22855,1,462.26,156.5,191.68,41.6,7.17,0,1,0
S00913,2026-01-07,Detroit-Chicago,Refrigerated,298,14928,1,664.11,180.74,218.57,37.43,13.12,0,1,0
S00914,2026-02-14,Detroit-Cleveland,Refrigerated,178,10402,1,445.26,125.73,179.21,30.34,8.01,0,1,0
S00915,2026-03-21,Detroit-Atlanta,Dry van,624,32893,1,1265.81,382.96,385.36,101.85,15.35,76.9,1,1
S00916,2026-04-28,Detroit-Toronto,Refrigerated,213,28016,1,579.54,164.71,204.37,35.31,13.46,0,1,0
S00917,2026-05-07,Detroit-Nashville,Dry van,483,38450,2,1072.46,307.82,305.91,78.54,22.57,102.9,1,0
S00918,2026-06-14,Detroit-Indianapolis,Dry van,289,11358,3,671.85,179.31,218.01,41.37,17.84,28,1,0
S00919,2026-07-21,Detroit-Chicago,Dry van,220,8061,3,544.83,151.26,189.08,33.03,7.45,28,1,0
S00920,2026-08-28,Detroit-Cleveland,Dry van,197,31052,1,479.32,143.22,187.75,27.4,10.2,0,1,0
S00921,2026-09-07,Detroit-Atlanta,Dry van,579,26059,2,1193.01,380.01,335.72,97.9,18.48,14,1,0
S00922,2026-10-14,Detroit-Toronto,Dry van,225,7248,1,507.7,166.92,211.21,36.82,7.84,0,1,0
S00923,2026-11-21,Detroit-Nashville,Dry van,533,35717,1,1095.51,374.87,372.57,85.85,23.1,0,1,0
S00924,2026-12-28,Detroit-Indianapolis,Refrigerated,324,15200,2,801.44,217.97,213.31,40.56,15.95,142.39,1,1
S00925,2026-01-07,Detroit-Chicago,Dry van,266,26630,1,603.56,179.82,209.8,42.56,4.14,0,1,0
S00926,2026-02-14,Detroit-Cleveland,Dry van,214,12329,2,519.77,149.02,194.34,40.88,10.61,14,1,0
S00927,2026-03-21,Detroit-Atlanta,Dry van,813,10227,1,1552.68,496.82,480.5,113.12,28.04,0,1,0
S00928,2026-04-28,Detroit-Toronto,Refrigerated,222,16913,1,586.43,149.76,207.77,39.7,6.54,0,1,0
S00929,2026-05-07,Detroit-Nashville,Refrigerated,556,19664,3,1361.07,388.86,359.8,86.39,20.59,28,1,0
S00930,2026-06-14,Detroit-Indianapolis,Refrigerated,285,29463,2,756.75,173.72,221.36,44.71,7.56,94.47,0,0
S00931,2026-07-21,Detroit-Chicago,Dry van,253,29017,2,624.45,151.13,190.51,31.8,10.73,14,0,0
S00932,2026-08-28,Detroit-Cleveland,Dry van,184,28286,1,423.08,123.89,179.75,35.13,5.63,0,1,0
S00933,2026-09-07,Detroit-Atlanta,Dry van,693,31544,2,1376.55,408.68,441.44,119.75,29.91,14,1,0
S00934,2026-10-14,Detroit-Toronto,Dry van,243,4295,1,495.0,175.86,224.97,40.96,5.54,0,1,0
S00935,2026-11-21,Detroit-Nashville,Dry van,519,16198,1,959.72,315.82,328.82,88.82,34.31,0,1,0
S00936,2026-12-28,Detroit-Indianapolis,Dry van,276,2549,1,543.08,162.93,209.75,35.93,17.03,0,1,0
S00937,2026-01-07,Detroit-Chicago,Refrigerated,252,5707,2,567.92,151.97,192.97,44.62,15.47,14,1,0
S00938,2026-02-14,Detroit-Cleveland,Dry van,155,2850,1,302.74,113.29,167.58,22.68,10.13,0,1,0
S00939,2026-03-21,Detroit-Atlanta,Dry van,750,20247,3,1544.19,492.06,452.44,125.38,27.69,28,1,0
S00940,2026-04-28,Detroit-Toronto,Dry van,255,10410,1,551.74,196.44,212.43,42.03,8.2,0,1,0
S00941,2026-05-07,Detroit-Nashville,Dry van,603,12477,1,1108.0,357.11,379.39,75.67,16.74,0,1,0
S00942,2026-06-14,Detroit-Indianapolis,Dry van,313,28277,2,635.28,180.32,215.05,44.12,19.22,14,1,0
S00943,2026-07-21,Detroit-Chicago,Dry van,281,11776,1,565.27,189.0,219.08,45.75,16.26,0,1,0
S00944,2026-08-28,Detroit-Cleveland,Dry van,164,14153,1,375.33,117.41,160.62,29.24,5.19,0,1,0
S00945,2026-09-07,Detroit-Atlanta,Dry van,710,9510,2,1317.62,465.95,451.4,118.45,27.91,14,1,0
S00946,2026-10-14,Detroit-Toronto,Refrigerated,193,35775,1,522.34,137.59,178.15,29.5,4.7,0,1,0
S00947,2026-11-21,Detroit-Nashville,Dry van,554,11563,1,1121.03,372.63,370.24,91.48,13.02,0,1,0
S00948,2026-12-28,Detroit-Indianapolis,Dry van,301,11242,2,673.19,178.47,231.2,37.0,11.08,120.2,0,0
S00949,2026-01-07,Detroit-Chicago,Dry van,262,27856,2,641.43,152.72,192.07,37.52,7.33,14,1,0
S00950,2026-02-14,Detroit-Cleveland,Dry van,147,15062,1,324.93,105.92,157.3,24.05,5.5,0,1,0
S00951,2026-03-21,Detroit-Atlanta,Refrigerated,722,3561,1,1435.04,462.34,442.49,96.54,32.35,0,1,0
S00952,2026-04-28,Detroit-Toronto,Dry van,291,34966,1,729.53,190.8,251.3,56.23,17.79,0,1,0
S00953,2026-05-07,Detroit-Nashville,Dry van,526,32511,1,1038.2,346.98,325.71,66.93,30.62,0,1,0
S00954,2026-06-14,Detroit-Indianapolis,Dry van,341,31875,1,661.32,215.43,224.13,49.85,15.22,0,1,0
S00955,2026-07-21,Detroit-Chicago,Dry van,334,2611,1,614.49,193.02,224.9,41.16,18.51,58.49,1,0
S00956,2026-08-28,Detroit-Cleveland,Dry van,198,3891,1,397.9,139.66,194.09,27.09,9.39,0,1,0
S00957,2026-09-07,Detroit-Atlanta,Dry van,625,15071,1,1150.77,359.62,379.77,109.46,30.14,63.28,1,0
S00958,2026-10-14,Detroit-Toronto,Dry van,243,11565,1,576.18,171.17,212.92,35.61,12.28,52.42,1,1
S00959,2026-11-21,Detroit-Nashville,Dry van,452,5613,2,933.7,300.24,291.03,66.42,10.95,14,0,0
S00960,2026-12-28,Detroit-Indianapolis,Dry van,290,31436,3,724.21,179.24,212.78,34.2,4.4,28,1,0
S00961,2026-01-07,Detroit-Chicago,Dry van,280,22281,2,638.71,180.06,225.76,35.7,7.43,14,1,0
S00962,2026-02-14,Detroit-Cleveland,Refrigerated,189,36923,1,506.19,124.39,182.1,32.17,10.39,0,1,0
S00963,2026-03-21,Detroit-Atlanta,Dry van,702,28967,1,1367.39,424.59,426.37,105.99,43.85,0,0,0
S00964,2026-04-28,Detroit-Toronto,Dry van,230,21648,2,538.28,149.21,200.71,43.88,13.74,14,1,0
S00965,2026-05-07,Detroit-Nashville,Refrigerated,480,11256,2,1040.62,288.99,345.89,83.78,7.62,60.75,0,0
S00966,2026-06-14,Detroit-Indianapolis,Dry van,303,24015,1,601.58,175.17,217.92,38.73,6.42,0,1,0
S00967,2026-07-21,Detroit-Chicago,Dry van,269,21011,2,651.22,180.9,210.48,34.81,13.85,14,1,0
S00968,2026-08-28,Detroit-Cleveland,Dry van,152,37383,1,377.23,105.84,151.97,28.73,7.24,0,1,0
S00969,2026-09-07,Detroit-Atlanta,Dry van,751,28755,1,1490.17,491.67,451.96,126.31,20.04,65.85,1,0
S00970,2026-10-14,Detroit-Toronto,Refrigerated,235,10112,1,582.94,162.89,207.16,32.13,7.15,0,0,0
S00971,2026-11-21,Detroit-Nashville,Refrigerated,599,31816,1,1378.54,354.49,388.28,106.32,30.96,0,1,0
S00972,2026-12-28,Detroit-Indianapolis,Refrigerated,272,9453,2,629.5,177.29,200.06,45.26,11.79,14,1,0
S00973,2026-01-07,Detroit-Chicago,Dry van,301,19530,3,692.48,182.41,230.29,48.54,5.03,28,1,0
S00974,2026-02-14,Detroit-Cleveland,Refrigerated,163,23519,1,418.04,106.54,173.72,27.67,10.86,0,1,0
S00975,2026-03-21,Detroit-Atlanta,Dry van,665,11130,2,1331.23,440.22,380.63,94.1,12.08,14,1,0
S00976,2026-04-28,Detroit-Toronto,Dry van,187,35579,1,447.11,139.27,182.71,36.08,8.64,167.85,1,1
S00977,2026-05-07,Detroit-Nashville,Dry van,520,29458,1,1146.33,308.57,345.0,72.67,11.81,0,1,0
S00978,2026-06-14,Detroit-Indianapolis,Dry van,247,25072,1,477.11,149.53,194.56,38.76,12.02,0,1,0
S00979,2026-07-21,Detroit-Chicago,Dry van,258,10204,3,596.32,162.98,209.54,41.21,6.41,28,1,0
S00980,2026-08-28,Detroit-Cleveland,Dry van,162,31997,1,350.93,108.52,158.94,29.37,7.55,108.46,1,0
S00981,2026-09-07,Detroit-Atlanta,Dry van,578,18640,1,1077.96,365.14,385.3,68.64,9.31,0,1,0
S00982,2026-10-14,Detroit-Toronto,Refrigerated,234,15668,1,678.01,176.62,197.41,43.13,15.06,0,1,0
S00983,2026-11-21,Detroit-Nashville,Dry van,477,23266,3,1109.23,293.29,299.41,78.87,16.62,28,1,0
S00984,2026-12-28,Detroit-Indianapolis,Dry van,288,7083,1,598.77,169.02,210.94,46.73,17.14,0,1,0
S00985,2026-01-07,Detroit-Chicago,Refrigerated,298,10047,2,718.03,188.23,215.36,40.15,15.34,14,1,0
S00986,2026-02-14,Detroit-Cleveland,Dry van,206,27176,1,496.27,129.0,188.29,34.27,10.17,0,1,0
S00987,2026-03-21,Detroit-Atlanta,Refrigerated,735,37927,2,1674.83,421.89,403.84,87.77,12.03,14,1,0
S00988,2026-04-28,Detroit-Toronto,Refrigerated,250,17705,1,650.36,165.56,209.81,44.29,5.31,0,1,0
S00989,2026-05-07,Detroit-Nashville,Dry van,627,21367,1,1168.37,393.95,426.86,104.72,19.59,56.89,1,1
S00990,2026-06-14,Detroit-Indianapolis,Dry van,287,11938,1,547.89,193.43,212.9,40.94,4.64,42.32,1,1
S00991,2026-07-21,Detroit-Chicago,Refrigerated,277,35225,2,796.07,175.62,221.27,46.5,14.84,14,1,0
S00992,2026-08-28,Detroit-Cleveland,Dry van,144,29648,1,338.05,90.73,160.3,27.02,9.99,0,1,0
S00993,2026-09-07,Detroit-Atlanta,Dry van,651,20455,1,1207.31,434.01,382.12,80.85,10.1,0,1,0
S00994,2026-10-14,Detroit-Toronto,Dry van,230,29788,1,577.83,172.55,207.74,35.35,10.86,0,1,0
S00995,2026-11-21,Detroit-Nashville,Dry van,578,27253,1,1077.62,363.97,403.73,98.94,19.06,0,1,0
S00996,2026-12-28,Detroit-Indianapolis,Dry van,298,21067,2,669.91,182.53,226.29,46.15,11.26,14,0,0
S00997,2026-01-07,Detroit-Chicago,Refrigerated,279,38267,1,760.71,182.21,206.57,33.5,15.64,108.36,1,0
S00998,2026-02-14,Detroit-Cleveland,Dry van,187,32572,2,438.15,125.3,187.15,26.81,6.97,14,1,0
S00999,2026-03-21,Detroit-Atlanta,Dry van,688,30694,2,1389.13,453.34,424.73,121.34,19.23,14,1,0
S01000,2026-04-28,Detroit-Toronto,Dry van,212,37403,1,526.7,161.72,197.12,30.33,11.65,0,1,0
S01001,2026-05-07,Detroit-Nashville,Dry van,494,18630,2,1106.19,349.02,356.86,80.99,15.92,14,1,0
S01002,2026-06-14,Detroit-Indianapolis,Refrigerated,332,3032,1,706.03,201.0,228.4,55.02,7.76,0,1,0
S01003,2026-07-21,Detroit-Chicago,Dry van,290,34361,1,679.73,167.72,213.74,51.03,18.04,0,1,0
S01004,2026-08-28,Detroit-Cleveland,Dry van,154,16260,1,364.45,107.48,162.6,20.61,3.28,0,1,0
S01005,2026-09-07,Detroit-Atlanta,Dry van,728,31326,1,1411.01,464.01,427.09,128.26,35.73,0,1,0
S01006,2026-10-14,Detroit-Toronto,Refrigerated,238,2570,2,636.69,179.74,203.11,34.64,9.64,105.19,1,0
S01007,2026-11-21,Detroit-Nashville,Dry van,590,37767,2,1364.48,390.31,372.21,100.11,17.25,14,1,0
S01008,2026-12-28,Detroit-Indianapolis,Refrigerated,249,37699,1,654.13,158.39,180.27,34.59,11.91,0,1,0
S01009,2026-01-07,Detroit-Chicago,Dry van,275,29513,2,654.39,168.23,205.63,47.46,14.08,67.18,1,0
S01010,2026-02-14,Detroit-Cleveland,Dry van,134,30833,1,295.65,87.03,142.25,20.29,2.18,82.65,1,0
S01011,2026-03-21,Detroit-Atlanta,Dry van,686,7897,1,1284.39,389.1,380.12,112.62,39.93,0,1,0
S01012,2026-04-28,Detroit-Toronto,Dry van,189,35323,2,524.85,142.87,194.95,35.32,3.28,86.43,1,1
S01013,2026-05-07,Detroit-Nashville,Dry van,531,31291,1,1155.74,366.64,328.71,88.65,17.42,0,1,0
S01014,2026-06-14,Detroit-Indianapolis,Refrigerated,273,6443,1,577.1,172.65,200.58,46.27,12.45,0,1,0
S01015,2026-07-21,Detroit-Chicago,Dry van,326,11021,1,640.48,215.89,252.44,43.88,12.76,55.04,1,0
S01016,2026-08-28,Detroit-Cleveland,Refrigerated,162,18984,2,431.36,102.65,160.94,24.32,6.84,14,1,0
S01017,2026-09-07,Detroit-Atlanta,Dry van,835,9162,1,1564.49,479.29,491.36,138.52,20.9,0,0,0
S01018,2026-10-14,Detroit-Toronto,Dry van,252,12454,1,625.79,160.41,211.45,44.74,11.7,69.06,0,0
S01019,2026-11-21,Detroit-Nashville,Refrigerated,533,6929,1,1084.41,374.37,327.0,68.0,10.47,0,1,0
S01020,2026-12-28,Detroit-Indianapolis,Dry van,336,14248,1,700.0,218.23,223.23,51.64,21.16,0,1,0
S01021,2026-01-07,Detroit-Chicago,Dry van,237,34436,2,579.26,150.06,199.8,37.92,5.15,44.44,1,1
S01022,2026-02-14,Detroit-Cleveland,Dry van,168,20269,1,392.25,115.07,171.91,30.38,11.49,0,1,0
S01023,2026-03-21,Detroit-Atlanta,Dry van,745,10266,2,1368.89,507.61,432.5,115.47,45.8,14,1,0
S01024,2026-04-28,Detroit-Toronto,Dry van,239,29454,2,566.42,154.9,206.25,32.72,6.1,14,1,0
S01025,2026-05-07,Detroit-Nashville,Refrigerated,474,12967,1,1063.85,320.71,333.01,80.19,24.47,0,0,0
S01026,2026-06-14,Detroit-Indianapolis,Dry van,278,16621,1,564.35,164.52,209.29,33.77,5.4,0,1,0
S01027,2026-07-21,Detroit-Chicago,Dry van,300,19359,1,581.72,209.22,230.16,44.7,4.55,0,1,0
S01028,2026-08-28,Detroit-Cleveland,Dry van,154,31124,1,327.21,98.69,168.31,23.01,4.39,0,1,0
S01029,2026-09-07,Detroit-Atlanta,Refrigerated,753,6228,2,1574.86,455.38,478.04,91.61,46.28,14,1,0
S01030,2026-10-14,Detroit-Toronto,Dry van,255,18974,3,676.74,172.64,226.62,44.79,13.73,28,1,0
S01031,2026-11-21,Detroit-Nashville,Refrigerated,556,7152,1,1278.13,335.85,337.56,98.4,31.33,63.99,1,1
S01032,2026-12-28,Detroit-Indianapolis,Dry van,336,8516,2,721.35,211.74,226.9,52.24,17.33,14,1,0
S01033,2026-01-07,Detroit-Chicago,Dry van,260,37129,1,553.27,153.23,198.15,34.65,15.72,0,1,0
S01034,2026-02-14,Detroit-Cleveland,Refrigerated,164,5333,1,419.28,122.94,168.76,22.69,6.59,0,1,0
S01035,2026-03-21,Detroit-Atlanta,Dry van,659,15630,1,1321.03,371.03,423.98,97.5,35.74,0,1,0
S01036,2026-04-28,Detroit-Toronto,Dry van,221,31781,1,520.58,142.4,210.8,38.42,4.75,0,1,0
S01037,2026-05-07,Detroit-Nashville,Dry van,584,35203,1,1127.32,400.32,366.72,79.28,27.66,0,0,0
S01038,2026-06-14,Detroit-Indianapolis,Refrigerated,312,37031,1,822.6,181.47,232.36,41.49,16.96,0,1,0
S01039,2026-07-21,Detroit-Chicago,Refrigerated,292,21938,1,679.41,195.16,228.48,47.89,17.13,0,1,0
S01040,2026-08-28,Detroit-Cleveland,Dry van,189,6173,2,446.19,117.31,180.5,24.78,8.14,14,1,0
S01041,2026-09-07,Detroit-Atlanta,Refrigerated,698,13445,3,1625.02,425.69,413.12,111.29,23.76,28,0,0
S01042,2026-10-14,Detroit-Toronto,Refrigerated,260,16877,1,763.36,190.84,220.1,36.33,14.23,0,1,0
S01043,2026-11-21,Detroit-Nashville,Refrigerated,589,10670,2,1385.96,393.66,410.51,87.95,22.53,14,1,0
S01044,2026-12-28,Detroit-Indianapolis,Dry van,286,32097,1,581.46,174.81,221.71,40.81,5.68,0,1,0
S01045,2026-01-07,Detroit-Chicago,Dry van,263,36825,3,631.9,157.4,197.1,38.21,9.3,28,1,0
S01046,2026-02-14,Detroit-Cleveland,Refrigerated,142,2272,1,344.15,97.16,148.71,22.5,3.44,0,1,0
S01047,2026-03-21,Detroit-Atlanta,Dry van,754,24101,1,1496.01,511.12,481.63,126.86,46.43,0,0,0
S01048,2026-04-28,Detroit-Toronto,Dry van,213,34594,1,564.05,147.11,194.98,34.37,12.2,0,1,0
S01049,2026-05-07,Detroit-Nashville,Dry van,481,26737,1,908.65,334.41,340.22,65.54,11.21,0,1,0
S01050,2026-06-14,Detroit-Indianapolis,Dry van,285,31812,2,680.61,181.42,197.22,44.18,12.42,14,1,0
S01051,2026-07-21,Detroit-Chicago,Dry van,283,3806,1,559.74,179.76,227.84,46.34,14.84,0,1,0
S01052,2026-08-28,Detroit-Cleveland,Dry van,183,4376,1,364.23,124.04,183.96,31.31,12.77,0,0,0
S01053,2026-09-07,Detroit-Atlanta,Dry van,760,3365,2,1284.37,479.3,455.49,101.65,39.74,93.37,1,0
S01054,2026-10-14,Detroit-Toronto,Dry van,231,28654,3,585.56,177.25,213.03,34.18,13.39,28,1,0
S01055,2026-11-21,Detroit-Nashville,Dry van,510,37205,1,1049.41,341.86,317.38,89.29,25.74,0,1,0
S01056,2026-12-28,Detroit-Indianapolis,Dry van,284,25118,1,613.67,173.68,217.39,35.24,11.89,0,1,0
S01057,2026-01-07,Detroit-Chicago,Refrigerated,260,34087,3,691.83,174.0,203.04,32.88,7.61,127.91,1,0
S01058,2026-02-14,Detroit-Cleveland,Refrigerated,152,14136,1,391.76,109.41,164.02,23.66,7.6,0,1,0
S01059,2026-03-21,Detroit-Atlanta,Dry van,613,33991,1,1254.92,388.99,371.99,90.01,14.12,78.69,0,0
S01060,2026-04-28,Detroit-Toronto,Dry van,265,14300,2,711.3,182.6,242.2,52.16,13.36,99.51,0,1
S01061,2026-05-07,Detroit-Nashville,Refrigerated,627,22471,1,1518.11,379.63,398.47,102.06,11.93,0,1,0
S01062,2026-06-14,Detroit-Indianapolis,Refrigerated,273,36188,1,724.05,158.29,200.77,43.23,10.74,0,1,0
S01063,2026-07-21,Detroit-Chicago,Dry van,301,38196,1,615.84,180.57,223.82,38.58,8.36,0,1,0
S01064,2026-08-28,Detroit-Cleveland,Refrigerated,183,9098,2,503.63,117.93,177.31,34.38,3.28,14,1,0
S01065,2026-09-07,Detroit-Atlanta,Dry van,715,23589,1,1508.31,415.04,448.53,104.47,13.06,83.46,1,0
S01066,2026-10-14,Detroit-Toronto,Refrigerated,257,26374,1,697.82,197.59,234.82,47.25,16.19,79.24,1,1
S01067,2026-11-21,Detroit-Nashville,Refrigerated,493,31998,2,1259.51,305.44,338.68,74.04,25.66,14,1,0
S01068,2026-12-28,Detroit-Indianapolis,Dry van,284,14679,1,607.61,183.76,196.07,34.93,12.37,0,1,0
S01069,2026-01-07,Detroit-Chicago,Dry van,259,2912,1,510.46,159.63,192.31,41.4,15.84,0,1,0
S01070,2026-02-14,Detroit-Cleveland,Dry van,189,28346,1,451.52,141.81,170.89,32.66,9.92,0,1,0
S01071,2026-03-21,Detroit-Atlanta,Refrigerated,677,25923,2,1515.14,390.71,433.15,112.16,18.48,14,1,0
S01072,2026-04-28,Detroit-Toronto,Dry van,207,26193,1,536.38,139.4,203.13,41.22,3.99,0,1,0
S01073,2026-05-07,Detroit-Nashville,Refrigerated,565,29032,1,1349.07,370.51,345.2,85.87,31.74,0,1,0
S01074,2026-06-14,Detroit-Indianapolis,Dry van,277,15718,1,583.93,157.15,194.87,44.65,15.06,0,1,0
S01075,2026-07-21,Detroit-Chicago,Dry van,256,31255,1,515.01,157.78,195.15,34.39,11.74,0,1,0
S01076,2026-08-28,Detroit-Cleveland,Dry van,196,34816,1,472.24,121.26,173.3,36.87,5.41,0,1,0
S01077,2026-09-07,Detroit-Atlanta,Refrigerated,798,33951,1,1719.08,497.54,459.14,112.28,31.92,0,1,0
S01078,2026-10-14,Detroit-Toronto,Dry van,203,20034,1,496.08,149.78,189.48,32.88,6.83,0,1,0
S01079,2026-11-21,Detroit-Nashville,Refrigerated,494,4191,1,1018.05,329.77,307.93,81.72,21.7,0,1,0
S01080,2026-12-28,Detroit-Indianapolis,Dry van,287,3767,1,519.33,192.66,213.83,33.55,13.93,0,1,0
S01081,2026-01-07,Detroit-Chicago,Dry van,229,6393,1,448.0,132.6,196.11,31.65,4.7,0,1,0
S01082,2026-02-14,Detroit-Cleveland,Dry van,166,26621,2,452.76,119.68,166.52,31.13,7.98,14,1,0
S01083,2026-03-21,Detroit-Atlanta,Dry van,704,18664,1,1307.29,466.62,451.62,89.96,38.44,0,1,0
S01084,2026-04-28,Detroit-Toronto,Dry van,250,2777,1,495.38,175.5,212.89,43.72,12.07,83.11,1,1
S01085,2026-05-07,Detroit-Nashville,Dry van,555,29553,1,1217.84,334.7,390.87,83.78,9.1,0,1,0
S01086,2026-06-14,Detroit-Indianapolis,Dry van,262,38143,1,546.37,177.2,200.42,43.16,11.02,0,1,0
S01087,2026-07-21,Detroit-Chicago,Refrigerated,274,37574,2,685.37,190.79,212.73,45.88,16.58,14,1,0
S01088,2026-08-28,Detroit-Cleveland,Dry van,148,23044,1,354.13,100.4,164.95,19.46,4.69,0,1,0
S01089,2026-09-07,Detroit-Atlanta,Dry van,688,29236,2,1347.09,384.37,411.99,115.82,43.69,14,1,0
S01090,2026-10-14,Detroit-Toronto,Dry van,234,33122,2,646.69,161.18,222.22,41.91,9.38,14,1,0
S01091,2026-11-21,Detroit-Nashville,Dry van,507,10076,1,915.01,342.51,313.44,90.71,17.17,0,1,0
S01092,2026-12-28,Detroit-Indianapolis,Dry van,333,29733,1,717.53,192.27,241.83,54.01,4.96,0,1,0
S01093,2026-01-07,Detroit-Chicago,Dry van,235,13136,2,560.38,148.67,185.11,31.41,12.85,14,1,0
S01094,2026-02-14,Detroit-Cleveland,Dry van,167,20993,1,350.77,122.85,159.67,30.47,5.6,0,1,0
S01095,2026-03-21,Detroit-Atlanta,Refrigerated,758,24514,1,1770.23,519.22,459.14,109.9,42.12,0,1,0
S01096,2026-04-28,Detroit-Toronto,Dry van,257,16868,1,643.01,195.84,221.17,42.2,12.29,0,1,0
S01097,2026-05-07,Detroit-Nashville,Dry van,514,2353,1,865.52,304.75,358.99,66.9,14.88,0,1,0
S01098,2026-06-14,Detroit-Indianapolis,Dry van,257,4373,1,511.13,167.78,197.13,30.43,15.91,0,1,0
S01099,2026-07-21,Detroit-Chicago,Dry van,284,5645,1,551.06,177.1,227.33,47.74,6.38,0,1,0
S01100,2026-08-28,Detroit-Cleveland,Dry van,169,23568,2,457.24,111.41,169.61,27.53,6.99,73.93,1,0
S01101,2026-09-07,Detroit-Atlanta,Dry van,612,3750,1,989.03,357.17,380.48,104.98,19.46,0,1,0
S01102,2026-10-14,Detroit-Toronto,Refrigerated,245,4760,1,652.26,183.57,206.41,42.31,7.96,0,1,0
S01103,2026-11-21,Detroit-Nashville,Refrigerated,454,31251,1,1160.62,296.27,307.01,56.52,18.65,0,1,0
S01104,2026-12-28,Detroit-Indianapolis,Dry van,294,27571,3,696.49,170.89,208.11,46.71,12.12,28,0,0
S01105,2026-01-07,Detroit-Chicago,Dry van,286,32146,1,653.65,174.19,206.82,45.82,7.38,0,1,0
S01106,2026-02-14,Detroit-Cleveland,Dry van,195,35369,1,431.73,126.69,178.91,36.96,9.31,0,1,0
S01107,2026-03-21,Detroit-Atlanta,Dry van,796,35127,1,1508.69,530.82,498.2,135.31,45.21,0,1,0
S01108,2026-04-28,Detroit-Toronto,Dry van,218,22518,1,505.31,153.25,207.83,33.29,11.73,0,1,0
S01109,2026-05-07,Detroit-Nashville,Dry van,660,5437,1,1221.81,398.46,398.13,117.07,15.71,0,1,0
S01110,2026-06-14,Detroit-Indianapolis,Dry van,279,33582,2,617.81,181.11,209.34,33.29,12.08,14,1,0
S01111,2026-07-21,Detroit-Chicago,Dry van,284,4605,1,568.8,174.47,206.51,41.27,9.53,0,1,0
S01112,2026-08-28,Detroit-Cleveland,Refrigerated,189,24411,1,500.99,126.62,169.92,30.8,4.69,0,1,0
S01113,2026-09-07,Detroit-Atlanta,Dry van,701,22372,1,1404.21,469.77,441.44,95.05,32.08,0,1,0
S01114,2026-10-14,Detroit-Toronto,Dry van,208,38160,1,520.13,132.82,203.89,28.98,10.47,0,1,0
S01115,2026-11-21,Detroit-Nashville,Dry van,517,11011,1,961.16,313.76,317.22,86.38,26.71,0,1,0
S01116,2026-12-28,Detroit-Indianapolis,Refrigerated,262,3132,1,540.44,154.61,192.96,32.77,13.58,0,1,0
S01117,2026-01-07,Detroit-Chicago,Dry van,271,28640,2,588.47,181.66,216.15,33.9,9.77,14,1,0
S01118,2026-02-14,Detroit-Cleveland,Dry van,194,38487,2,505.68,137.14,192.85,31.96,12.21,14,1,0
S01119,2026-03-21,Detroit-Atlanta,Refrigerated,905,34077,1,2274.74,577.22,534.96,110.33,44.47,0,1,0
S01120,2026-04-28,Detroit-Toronto,Refrigerated,244,20080,1,694.9,174.93,215.64,38.69,14.86,0,1,0
S01121,2026-05-07,Detroit-Nashville,Dry van,503,15677,1,1058.56,320.8,333.5,82.01,17.77,0,1,0
S01122,2026-06-14,Detroit-Indianapolis,Dry van,262,7755,3,621.7,146.54,208.58,43.27,13.05,28,1,0
S01123,2026-07-21,Detroit-Chicago,Dry van,254,25705,2,598.77,150.8,207.3,32.36,14.32,14,1,0
S01124,2026-08-28,Detroit-Cleveland,Dry van,160,33398,1,368.55,111.63,169.13,21.21,10.85,0,1,0
S01125,2026-09-07,Detroit-Atlanta,Dry van,819,9561,1,1496.0,491.29,503.9,116.36,23.24,0,1,0
S01126,2026-10-14,Detroit-Toronto,Refrigerated,243,31693,1,698.61,166.32,205.51,34.95,10.6,113.41,1,0
S01127,2026-11-21,Detroit-Nashville,Refrigerated,607,13257,1,1348.73,431.14,405.75,94.11,34.05,0,1,0
S01128,2026-12-28,Detroit-Indianapolis,Dry van,301,15327,1,559.83,189.56,229.04,41.43,9.77,0,1,0
S01129,2026-01-07,Detroit-Chicago,Dry van,286,21326,3,728.66,173.04,214.92,36.81,15.58,28,1,0
S01130,2026-02-14,Detroit-Cleveland,Refrigerated,134,14183,2,367.24,86.85,156.47,19.57,7.98,14,1,0
S01131,2026-03-21,Detroit-Atlanta,Dry van,665,10186,1,1208.56,448.96,373.63,98.7,40.75,0,1,0
S01132,2026-04-28,Detroit-Toronto,Dry van,197,22191,1,431.45,149.45,189.71,27.68,5.9,0,0,0
S01133,2026-05-07,Detroit-Nashville,Dry van,497,37107,1,979.48,292.94,342.02,88.28,9.49,0,1,0
S01134,2026-06-14,Detroit-Indianapolis,Dry van,317,14129,2,682.39,191.84,239.41,44.85,4.69,14,0,0
S01135,2026-07-21,Detroit-Chicago,Dry van,284,19128,2,646.16,184.7,207.42,34.84,5.07,14,1,0
S01136,2026-08-28,Detroit-Cleveland,Refrigerated,175,17315,1,420.66,116.19,170.26,31.39,9.97,90.43,1,0
S01137,2026-09-07,Detroit-Atlanta,Dry van,620,21314,1,1252.11,399.84,390.95,96.68,12.25,0,1,0
S01138,2026-10-14,Detroit-Toronto,Refrigerated,241,33148,1,741.8,171.55,215.31,39.57,8.97,0,1,0
S01139,2026-11-21,Detroit-Nashville,Dry van,587,26105,1,1128.02,379.94,353.78,81.85,10.1,0,1,0
S01140,2026-12-28,Detroit-Indianapolis,Dry van,254,8305,1,525.17,165.23,191.7,36.66,7.7,0,1,0
S01141,2026-01-07,Detroit-Chicago,Dry van,307,5638,1,618.9,201.91,234.03,38.35,9.42,0,1,0
S01142,2026-02-14,Detroit-Cleveland,Dry van,178,21479,1,418.16,123.33,175.38,31.36,12.4,0,1,0
S01143,2026-03-21,Detroit-Atlanta,Refrigerated,726,27716,2,1824.41,459.0,409.85,119.33,43.13,95.46,1,0
S01144,2026-04-28,Detroit-Toronto,Dry van,241,5896,1,568.02,179.28,227.26,46.37,7.16,0,1,0
S01145,2026-05-07,Detroit-Nashville,Dry van,546,37665,1,1047.61,347.61,378.73,99.58,14.08,0,1,0
S01146,2026-06-14,Detroit-Indianapolis,Dry van,298,18599,3,666.95,180.96,203.83,38.68,16.95,28,1,0
S01147,2026-07-21,Detroit-Chicago,Refrigerated,264,24851,1,602.28,184.14,209.81,41.74,5.32,0,1,0
S01148,2026-08-28,Detroit-Cleveland,Dry van,158,2764,1,327.42,102.49,159.69,30.43,4.24,0,1,0
S01149,2026-09-07,Detroit-Atlanta,Dry van,733,26066,2,1491.74,500.16,458.37,90.84,11.66,14,0,0
S01150,2026-10-14,Detroit-Toronto,Dry van,266,32740,2,688.46,175.21,231.47,47.72,15.82,14,0,0
S01151,2026-11-21,Detroit-Nashville,Dry van,467,15319,1,901.25,308.85,308.98,75.48,31.12,74.92,1,1
S01152,2026-12-28,Detroit-Indianapolis,Dry van,291,9836,1,576.07,192.25,205.37,35.51,13.24,0,0,0
S01153,2026-01-07,Detroit-Chicago,Dry van,288,19533,2,593.73,166.5,204.68,35.74,10.56,14,1,0
S01154,2026-02-14,Detroit-Cleveland,Refrigerated,181,26505,1,474.82,133.43,175.5,27.09,7.11,0,1,0
S01155,2026-03-21,Detroit-Atlanta,Refrigerated,941,25284,2,2154.82,630.62,493.88,129.28,20.97,14,1,0
S01156,2026-04-28,Detroit-Toronto,Dry van,241,35380,2,640.86,161.27,216.12,34.31,15.17,92.68,1,0
S01157,2026-05-07,Detroit-Nashville,Dry van,492,32954,1,950.54,337.85,315.11,74.37,11.7,0,0,0
S01158,2026-06-14,Detroit-Indianapolis,Dry van,271,10525,2,527.67,170.61,213.88,38.35,9.61,14,1,0
S01159,2026-07-21,Detroit-Chicago,Dry van,302,36650,1,628.31,189.54,222.02,51.87,4.56,0,1,0
S01160,2026-08-28,Detroit-Cleveland,Refrigerated,166,17880,1,451.57,103.61,172.22,28.26,10.15,0,0,0
S01161,2026-09-07,Detroit-Atlanta,Dry van,671,37087,1,1412.73,409.49,416.32,112.44,26.53,0,0,0
S01162,2026-10-14,Detroit-Toronto,Dry van,173,34761,1,422.07,119.85,175.66,33.82,6.32,73.32,1,0
S01163,2026-11-21,Detroit-Nashville,Dry van,484,7014,1,960.62,331.95,307.66,72.14,30.26,0,1,0
S01164,2026-12-28,Detroit-Indianapolis,Dry van,254,28192,1,530.83,162.72,190.25,39.65,9.7,0,1,0
S01165,2026-01-07,Detroit-Chicago,Dry van,288,3961,1,573.28,195.78,221.39,35.35,7.07,0,1,0
S01166,2026-02-14,Detroit-Cleveland,Dry van,150,11847,1,335.58,97.87,160.38,24.34,8.67,0,1,0
S01167,2026-03-21,Detroit-Atlanta,Dry van,752,22902,1,1503.01,433.83,478.99,107.76,22.42,104.3,1,0
S01168,2026-04-28,Detroit-Toronto,Refrigerated,226,17703,1,662.14,161.27,201.39,32.89,4.1,0,1,0
S01169,2026-05-07,Detroit-Nashville,Dry van,529,35940,1,1122.86,346.83,327.91,81.81,24.23,97.91,1,0
S01170,2026-06-14,Detroit-Indianapolis,Refrigerated,303,37983,1,689.88,186.67,229.71,44.56,14.59,0,1,0
S01171,2026-07-21,Detroit-Chicago,Dry van,309,10781,2,660.26,194.15,218.02,37.35,16.93,14,1,0
S01172,2026-08-28,Detroit-Cleveland,Dry van,174,16441,1,416.26,110.94,168.25,26.26,12.14,0,1,0
S01173,2026-09-07,Detroit-Atlanta,Dry van,762,17315,2,1577.16,516.32,424.15,124.6,12.18,14,1,0
S01174,2026-10-14,Detroit-Toronto,Refrigerated,253,23419,2,706.89,161.82,231.34,50.05,9.51,14,1,0
S01175,2026-11-21,Detroit-Nashville,Refrigerated,544,27346,2,1286.22,381.77,354.27,80.24,16.89,14,1,0
S01176,2026-12-28,Detroit-Indianapolis,Dry van,293,5651,1,584.03,181.38,200.25,35.32,5.96,0,1,0
S01177,2026-01-07,Detroit-Chicago,Dry van,301,6594,1,568.45,189.9,216.23,54.13,12.41,0,1,0
S01178,2026-02-14,Detroit-Cleveland,Dry van,178,6341,1,360.02,112.25,181.62,32.98,11.34,0,1,0
S01179,2026-03-21,Detroit-Atlanta,Dry van,677,38021,2,1475.86,438.2,390.86,103.45,27.37,14,1,0
S01180,2026-04-28,Detroit-Toronto,Dry van,196,38419,1,464.89,150.7,199.19,36.99,10.03,66.19,1,1
S01181,2026-05-07,Detroit-Nashville,Dry van,500,29001,1,1076.94,357.51,311.09,84.92,27.04,0,1,0
S01182,2026-06-14,Detroit-Indianapolis,Dry van,304,3028,1,603.69,174.02,205.73,51.4,6.8,0,1,0
S01183,2026-07-21,Detroit-Chicago,Refrigerated,280,26484,2,782.35,177.31,208.22,37.37,14.08,14,1,0
S01184,2026-08-28,Detroit-Cleveland,Dry van,153,6044,1,307.08,113.4,160.42,28.25,5.63,0,1,0
S01185,2026-09-07,Detroit-Atlanta,Dry van,687,20154,1,1438.76,464.87,418.94,86.2,33.16,0,1,0
S01186,2026-10-14,Detroit-Toronto,Dry van,253,29704,3,696.23,167.25,234.34,34.97,9.79,28,1,0
S01187,2026-11-21,Detroit-Nashville,Refrigerated,571,21807,3,1402.38,347.63,379.0,73.93,22.77,99.64,1,1
S01188,2026-12-28,Detroit-Indianapolis,Dry van,255,20932,2,582.83,164.52,195.2,38.8,4.24,14,1,0
S01189,2026-01-07,Detroit-Chicago,Dry van,246,4263,1,503.16,157.1,196.66,39.21,10.11,0,1,0
S01190,2026-02-14,Detroit-Cleveland,Dry van,192,32286,1,415.36,133.24,178.11,28.12,9.0,0,1,0
S01191,2026-03-21,Detroit-Atlanta,Dry van,814,34973,1,1485.05,536.39,499.63,120.19,18.35,0,1,0
S01192,2026-04-28,Detroit-Toronto,Dry van,236,9214,2,534.95,180.2,214.04,33.73,6.73,14,1,0
S01193,2026-05-07,Detroit-Nashville,Dry van,594,16841,1,1119.12,418.51,414.38,101.38,28.07,56.75,1,0
S01194,2026-06-14,Detroit-Indianapolis,Dry van,306,21352,1,587.76,204.97,228.07,52.1,7.08,0,1,0
S01195,2026-07-21,Detroit-Chicago,Dry van,258,31738,2,628.08,163.45,209.86,38.73,5.67,14,1,0
S01196,2026-08-28,Detroit-Cleveland,Dry van,180,34841,1,429.61,112.27,172.76,24.5,10.86,57.96,0,1
S01197,2026-09-07,Detroit-Atlanta,Dry van,831,26300,2,1642.31,519.34,503.06,146.29,33.79,14,1,0
S01198,2026-10-14,Detroit-Toronto,Dry van,263,2042,1,538.02,169.58,225.05,41.35,10.99,0,1,0
S01199,2026-11-21,Detroit-Nashville,Dry van,578,33753,2,1153.22,379.32,402.64,92.86,34.14,82.34,1,1
S01200,2026-12-28,Detroit-Indianapolis,Dry van,289,16993,1,619.23,170.33,219.17,44.81,13.07,0,1,0
